step,type,amount,nameOrig,oldbalanceOrg,newbalanceOrig,nameDest,oldbalanceDest,newbalanceDest,isFraud,isFlaggedFraud
278,CASH_IN,330218.42,C632336343,20866.0,351084.42,C834976624,452419.57,122201.15,0,0
15,PAYMENT,11647.08,C1264712553,30370.0,18722.92,M215391829,0.0,0.0,0,0
10,CASH_IN,152264.21,C1746846248,106589.0,258853.21,C1607284477,201303.01,49038.8,0,0
403,TRANSFER,1551760.63,C333676753,0.0,0.0,C1564353608,3198359.45,4750120.08,0,0
206,CASH_IN,78172.3,C813403091,2921331.58,2999503.88,C1091768874,415821.9,337649.6,0,0
259,PAYMENT,915.13,C2002954533,0.0,0.0,M290849763,0.0,0.0,0,0
188,CASH_OUT,20603.87,C813757373,0.0,0.0,C823291717,558068.66,578672.53,0,0
139,CASH_OUT,58605.72,C1850864812,0.0,0.0,C618657299,585494.94,644100.66,0,0
230,PAYMENT,4865.11,C886849972,0.0,0.0,M623175144,0.0,0.0,0,0
544,CASH_OUT,118131.63,C390714641,0.0,0.0,C366360355,8131691.35,8476246.86,0,0
45,CASH_OUT,141100.88,C1514989792,80506.0,0.0,C409578677,89384.09,230484.96,0,0
163,CASH_OUT,384177.48,C94444270,40348.0,0.0,C379896225,0.0,384177.48,0,0
211,CASH_OUT,153486.36,C513018655,20476.0,0.0,C1302281681,85173.16,238659.53,0,0
302,CASH_OUT,51042.59,C122114408,184.0,0.0,C705120650,380143.14,431185.74,0,0
18,PAYMENT,48691.16,C1810046508,0.0,0.0,M487081598,0.0,0.0,0,0
322,PAYMENT,36598.65,C1365498607,8240.66,0.0,M969218364,0.0,0.0,0,0
158,CASH_OUT,124443.29,C12524561,14236.0,0.0,C579157353,0.0,124443.29,0,0
131,CASH_OUT,510190.97,C1564771551,57590.0,0.0,C718731643,115914.88,626105.86,0,0
253,TRANSFER,940927.27,C1346570604,8568.0,0.0,C1178934515,0.0,940927.27,0,0
132,CASH_OUT,240156.34,C807101143,0.0,0.0,C1531623971,2811902.28,3052058.62,0,0
283,CASH_OUT,44360.26,C346953986,0.0,0.0,C526046232,282664.52,327024.78,0,0
43,CASH_OUT,338458.24,C25552315,30283.0,0.0,C75671301,1055729.15,1564103.49,0,0
642,CASH_IN,311748.24,C200195468,4279.0,316027.24,C786997986,27843.39,0.0,0,0
164,DEBIT,151.58,C1576094043,10659.0,10507.42,C1308477441,50706.33,50857.9,0,0
326,PAYMENT,26565.95,C1512675672,0.0,0.0,M1330826048,0.0,0.0,0,0
132,CASH_OUT,6.57,C1286124147,0.0,0.0,C1885613878,2909681.35,2909687.93,0,0
37,CASH_IN,23898.77,C1953063740,50271.0,74169.77,C212080696,205872.37,181973.6,0,0
9,CASH_OUT,26360.78,C470767940,365.0,0.0,C598132143,202458.96,244056.68,0,0
157,CASH_IN,192935.2,C709178804,51937.0,244872.2,C1163988187,171874.85,0.0,0,0
406,TRANSFER,18801.43,C920671013,126.0,0.0,C1418884586,0.0,18801.43,0,0
235,PAYMENT,3516.08,C633099116,0.0,0.0,M2117267163,0.0,0.0,0,0
346,PAYMENT,6987.8,C220437223,0.0,0.0,M1751641542,0.0,0.0,0,0
19,CASH_IN,8808.73,C1717919401,50485.0,59293.73,C645140627,177448.43,168639.7,0,0
208,PAYMENT,24649.07,C1353964860,0.0,0.0,M1059671726,0.0,0.0,0,0
332,CASH_OUT,97562.73,C1894828300,5396.0,0.0,C1975390043,2455585.33,2553148.05,0,0
139,TRANSFER,598680.17,C544409289,45059.0,0.0,C956338890,2559233.0,3157913.17,0,0
304,CASH_OUT,218659.82,C88319926,1005.0,0.0,C1971781194,16320325.66,16592681.56,0,0
686,CASH_IN,304408.97,C893917810,4276845.77,4581254.74,C1327824794,1443186.93,1314479.93,0,0
139,PAYMENT,5090.28,C1405934398,50617.0,45526.72,M839389189,0.0,0.0,0,0
226,CASH_OUT,176016.04,C800760258,0.0,0.0,C358043414,12916654.7,13005481.5,0,0
201,PAYMENT,11605.7,C484951468,0.0,0.0,M1504624467,0.0,0.0,0,0
14,CASH_IN,234850.43,C982073663,669990.79,904841.22,C1216254870,298639.42,49936.17,0,0
323,CASH_OUT,186549.79,C1647129298,0.0,0.0,C1714837024,242473.16,429022.95,0,0
225,CASH_OUT,79042.15,C2086229320,6064.0,0.0,C1654662784,410360.71,489402.86,0,0
138,PAYMENT,5055.72,C315487150,108809.83,103754.11,M1717055694,0.0,0.0,0,0
41,PAYMENT,12020.77,C1235787929,639020.83,627000.06,M1043686153,0.0,0.0,0,0
399,CASH_IN,123326.84,C979213321,5477362.0,5600688.84,C787242927,3470716.16,3347389.32,0,0
120,PAYMENT,14241.21,C1653380908,109207.0,94965.79,M77882578,0.0,0.0,0,0
373,PAYMENT,23480.16,C1099535493,5309.0,0.0,M933507080,0.0,0.0,0,0
179,CASH_IN,195205.19,C2147063789,1961856.75,2157061.94,C1021587874,1150566.93,955361.74,0,0
544,CASH_OUT,145319.54,C237037918,8056.0,0.0,C95318372,696100.99,841420.53,0,0
369,PAYMENT,14270.03,C1496903190,3309.0,0.0,M946866772,0.0,0.0,0,0
275,PAYMENT,6851.17,C1051106607,0.0,0.0,M1348761534,0.0,0.0,0,0
396,CASH_IN,296959.67,C731717743,10609.0,307568.67,C148906605,0.0,0.0,0,0
304,CASH_IN,166630.9,C1410677661,10944.0,177574.9,C704312950,240525.0,73894.11,0,0
162,CASH_IN,165135.41,C677811242,187326.54,352461.95,C788874634,190273.97,25138.56,0,0
304,PAYMENT,1704.03,C74556831,0.0,0.0,M1951402325,0.0,0.0,0,0
22,CASH_IN,390903.09,C41573174,7947520.93,8338424.03,C860929789,707650.38,316747.29,0,0
229,PAYMENT,21061.24,C40966245,0.0,0.0,M1653653617,0.0,0.0,0,0
259,PAYMENT,8129.46,C40866646,0.0,0.0,M182944108,0.0,0.0,0,0
234,PAYMENT,6492.32,C1321671140,252978.2,246485.88,M533921438,0.0,0.0,0,0
304,CASH_OUT,16242.22,C1322294401,0.0,0.0,C160609026,1401840.75,1418082.97,0,0
352,CASH_OUT,286864.49,C998029122,0.0,0.0,C1563899518,598674.63,885539.12,0,0
139,CASH_IN,147351.57,C710908433,6185044.14,6332395.71,C508488713,7292368.53,7145016.96,0,0
229,TRANSFER,21362.19,C1977482177,0.0,0.0,C1554823726,102800.19,124162.37,0,0
186,PAYMENT,16871.75,C1345262134,374693.53,357821.78,M1183610480,0.0,0.0,0,0
406,CASH_OUT,88826.43,C952906355,249733.0,160906.57,C1084012188,963113.59,1051940.02,0,0
469,PAYMENT,38509.2,C174212239,0.0,0.0,M1265795703,0.0,0.0,0,0
399,PAYMENT,7301.4,C239144018,21426.0,14124.6,M1684201690,0.0,0.0,0,0
288,PAYMENT,51907.16,C1577059714,48529.0,0.0,M1955312313,0.0,0.0,0,0
204,PAYMENT,343.06,C1370498771,0.0,0.0,M301320628,0.0,0.0,0,0
232,CASH_OUT,24413.46,C1542135254,5088.0,0.0,C1938475526,0.0,24413.46,0,0
192,CASH_OUT,125568.72,C923977418,55360.0,0.0,C779506402,0.0,125568.72,0,0
13,CASH_OUT,203321.66,C1009192782,7707.02,0.0,C1015529677,223460.41,426782.08,0,0
281,PAYMENT,7452.27,C1418729422,254793.0,247340.73,M1996394103,0.0,0.0,0,0
379,CASH_IN,117253.94,C2029840344,1527903.53,1645157.47,C2142547587,309923.06,192669.12,0,0
159,CASH_OUT,16500.28,C731563967,0.0,0.0,C914957636,1039511.46,1056011.74,0,0
324,PAYMENT,25380.11,C1515172243,0.0,0.0,M849428673,0.0,0.0,0,0
230,CASH_OUT,95623.45,C1025174837,95785.0,161.55,C1337597412,0.0,95623.45,0,0
405,CASH_IN,122899.15,C1358412469,6017.0,128916.15,C1995332832,227088.65,104189.5,0,0
380,CASH_IN,255661.72,C1144246806,1148679.19,1404340.91,C87426661,1991419.36,1735757.64,0,0
307,CASH_OUT,124210.26,C583984242,13648.0,0.0,C408688303,637289.41,761499.67,0,0
43,TRANSFER,406390.63,C449334349,0.0,0.0,C1477190619,596285.7,1002676.33,0,0
404,CASH_IN,12747.45,C1946500289,3027551.36,3040298.81,C748382555,193795.69,181048.24,0,0
36,PAYMENT,17210.24,C2035379457,468747.37,451537.13,M1250735899,0.0,0.0,0,0
401,CASH_IN,287548.26,C2147246002,6300194.15,6587742.41,C1034690288,1211290.25,923741.99,0,0
259,CASH_IN,326712.9,C1906310517,10763635.06,11090347.96,C809795627,2415359.64,2088646.74,0,0
228,PAYMENT,241.89,C1249789290,103317.6,103075.72,M870078784,0.0,0.0,0,0
236,PAYMENT,5883.37,C1938448095,0.0,0.0,M1022031461,0.0,0.0,0,0
297,PAYMENT,13055.28,C508385511,0.0,0.0,M956027336,0.0,0.0,0,0
12,PAYMENT,616.88,C1013341637,107243.5,106626.62,M1942028884,0.0,0.0,0,0
236,CASH_OUT,107759.5,C1408936980,0.0,0.0,C1403087041,1507711.83,1615471.33,0,0
253,CASH_IN,18868.29,C1363041822,21137221.01,21156089.3,C1761313958,34831.61,15963.32,0,0
13,PAYMENT,4986.63,C1359889730,0.0,0.0,M1124177815,0.0,0.0,0,0
36,PAYMENT,17692.64,C1270549119,10268.0,0.0,M743266449,0.0,0.0,0,0
403,PAYMENT,7457.89,C2051931889,0.0,0.0,M2079068430,0.0,0.0,0,0
300,DEBIT,2262.52,C841098437,49271.0,47008.48,C1097907228,124780.0,127042.52,0,0
564,CASH_IN,67418.91,C1484852473,52181.0,119599.91,C170358894,1659195.46,1591776.55,0,0
254,PAYMENT,9414.76,C2023654274,5839.9,0.0,M210283336,0.0,0.0,0,0
206,PAYMENT,17485.51,C928494081,9339.0,0.0,M981647331,0.0,0.0,0,0
186,CASH_IN,43115.41,C427005441,8316334.88,8359450.29,C106303416,2694031.18,2650915.76,0,0
188,PAYMENT,1408.77,C1359417325,99765.0,98356.23,M369555754,0.0,0.0,0,0
181,CASH_OUT,251225.77,C2074796244,41290.0,0.0,C685696333,5124625.51,5375851.29,0,0
186,CASH_OUT,329093.01,C1946350945,163894.0,0.0,C1961399086,163766.23,492859.24,0,0
18,CASH_OUT,111900.86,C1239333334,38599.0,0.0,C34949923,0.0,111900.86,0,0
356,PAYMENT,11348.41,C1602089084,9611.61,0.0,M1756029493,0.0,0.0,0,0
203,PAYMENT,2249.75,C102483840,49824.0,47574.25,M926772394,0.0,0.0,0,0
178,CASH_OUT,339983.69,C1483999363,150825.86,0.0,C1151286694,1797411.66,2137395.36,0,0
11,PAYMENT,22006.91,C1477296233,187492.15,165485.24,M1819638608,0.0,0.0,0,0
255,PAYMENT,16964.15,C648700740,21330.0,4365.85,M157710685,0.0,0.0,0,0
35,TRANSFER,125132.6,C1616958476,292194.0,167061.4,C2085899258,0.0,125132.6,0,0
542,CASH_OUT,20450.59,C1514420564,0.0,0.0,C792102955,739119.08,759569.67,0,0
35,CASH_IN,124651.74,C1794179829,20960.0,145611.74,C99867722,467335.09,342683.35,0,0
240,PAYMENT,7443.29,C1655583311,311.0,0.0,M976098062,0.0,0.0,0,0
35,PAYMENT,18520.37,C1346718641,37618.39,19098.02,M1530543057,0.0,0.0,0,0
325,CASH_OUT,240938.14,C1159198332,0.0,0.0,C1643218906,677911.3,918849.44,0,0
8,PAYMENT,5000.93,C804921125,0.0,0.0,M1348049534,0.0,0.0,0,0
403,PAYMENT,1375.93,C805028279,39672.19,38296.26,M118328816,0.0,0.0,0,0
142,PAYMENT,9387.6,C1478451246,101296.39,91908.79,M1595492079,0.0,0.0,0,0
203,CASH_OUT,304736.65,C1150179328,50526.0,0.0,C1689033792,46995.26,351731.91,0,0
284,CASH_IN,154063.93,C605074781,7054719.28,7208783.21,C1782776914,388415.07,234351.14,0,0
13,CASH_IN,413032.46,C776744634,3756.0,416788.46,C102218247,114764.69,0.0,0,0
189,CASH_OUT,290132.99,C42598404,0.0,0.0,C261821285,1772735.07,2062868.06,0,0
328,TRANSFER,1086782.27,C1260349918,0.0,0.0,C897735701,4334991.17,5421773.44,0,0
187,CASH_OUT,258677.34,C2018348964,0.0,0.0,C174532841,268608.27,527285.61,0,0
335,PAYMENT,680.96,C340149850,244624.0,243943.04,M906983781,0.0,0.0,0,0
276,CASH_IN,142803.7,C1039276660,3979275.72,4122079.42,C1990457749,314787.24,171983.54,0,0
228,CASH_OUT,404013.26,C942807624,0.0,0.0,C1478898162,2168976.25,2572989.5,0,0
190,PAYMENT,4192.45,C2121240346,141582.75,137390.3,M300922993,0.0,0.0,0,0
38,PAYMENT,6865.83,C1560448195,16065.0,9199.17,M702530586,0.0,0.0,0,0
154,CASH_OUT,199096.88,C854642819,0.0,0.0,C1875697706,403366.37,602463.25,0,0
183,CASH_IN,40105.0,C459252785,44462.0,84567.0,C903132886,888624.22,848519.22,0,0
404,PAYMENT,29753.14,C1309130238,99613.0,69859.86,M1003264751,0.0,0.0,0,0
37,CASH_OUT,37005.75,C849509788,0.0,0.0,C41102216,145970.25,182976.01,0,0
211,TRANSFER,658510.65,C683799433,0.0,0.0,C1489116061,4160208.26,4818718.91,0,0
357,PAYMENT,14962.54,C352220876,99053.0,84090.46,M400743766,0.0,0.0,0,0
205,CASH_IN,115930.12,C887004112,2700081.42,2816011.53,C1676533255,2082239.58,1966309.46,0,0
287,CASH_OUT,205453.92,C763671499,0.0,0.0,C1891518808,1924157.61,2129611.54,0,0
163,PAYMENT,8548.76,C211960157,21358.0,12809.24,M1530234511,0.0,0.0,0,0
514,TRANSFER,1958230.6,C2126397003,69563.0,0.0,C1724208100,5345774.9,7304005.5,0,0
231,CASH_OUT,168377.94,C1935487738,0.0,0.0,C700950869,1238581.58,1406959.51,0,0
250,CASH_IN,142011.88,C1471956423,253857.0,395868.88,C651806736,520248.21,378236.33,0,0
297,PAYMENT,7803.55,C20748083,0.0,0.0,M1298362179,0.0,0.0,0,0
378,CASH_IN,261090.52,C315492035,1906884.05,2167974.57,C145807878,4584136.21,4323045.69,0,0
208,CASH_OUT,185642.4,C1191854830,43444.0,0.0,C1394009782,0.0,185642.4,0,0
349,PAYMENT,22673.48,C509952728,21910.0,0.0,M1882783306,0.0,0.0,0,0
252,CASH_OUT,318180.66,C1181005058,400960.77,82780.11,C1996805903,438344.43,762954.86,0,0
161,PAYMENT,1416.71,C1260935439,188315.86,186899.15,M1471767414,0.0,0.0,0,0
202,PAYMENT,8941.05,C773163139,160.0,0.0,M1610300123,0.0,0.0,0,0
354,CASH_OUT,103884.78,C781839635,9974.0,0.0,C1109678983,604986.43,708871.21,0,0
163,PAYMENT,1412.48,C1798880828,10052.0,8639.52,M716959429,0.0,0.0,0,0
236,CASH_IN,93940.35,C1800243188,29505.0,123445.35,C1957675734,0.0,0.0,0,0
333,PAYMENT,15039.71,C1613457151,0.0,0.0,M227579288,0.0,0.0,0,0
380,PAYMENT,10424.44,C280147801,20809.0,10384.56,M1295606785,0.0,0.0,0,0
232,CASH_IN,33530.31,C1535780730,4343409.73,4376940.04,C262891082,80997.34,47467.03,0,0
405,PAYMENT,7328.72,C871652084,0.0,0.0,M888843538,0.0,0.0,0,0
571,CASH_IN,18593.97,C1448380450,5004065.66,5022659.62,C1886475823,61037.91,42443.94,0,0
139,CASH_IN,111540.89,C1298433128,533807.17,645348.07,C353782565,1998273.93,1886733.04,0,0
326,PAYMENT,16769.79,C1946777947,15952.0,0.0,M1230436756,0.0,0.0,0,0
18,PAYMENT,7858.1,C1844580132,20773.0,12914.9,M563268470,0.0,0.0,0,0
300,TRANSFER,292037.17,C1065363833,0.0,0.0,C1515536749,953736.46,1245773.64,0,0
257,TRANSFER,63982.69,C303128054,0.0,0.0,C822214416,95692.27,159674.96,0,0
353,CASH_IN,153216.34,C710925990,7920054.5,8073270.84,C472295300,474744.05,113510.5,0,0
155,PAYMENT,3170.83,C548608193,49631.0,46460.17,M1953778756,0.0,0.0,0,0
20,CASH_OUT,107313.94,C1568656506,0.0,0.0,C1073161843,1813650.37,2791624.38,0,0
202,CASH_OUT,134328.08,C1626747046,0.0,0.0,C410567421,1137825.22,1272153.31,0,0
12,PAYMENT,10446.68,C1482458700,0.0,0.0,M1177905091,0.0,0.0,0,0
323,CASH_OUT,214059.76,C1169387535,61891.0,0.0,C1384939011,0.0,214059.76,0,0
305,CASH_IN,313733.83,C1507005727,10603.0,324336.83,C892045919,0.0,0.0,0,0
348,CASH_IN,22200.81,C271216403,1608898.38,1631099.19,C1737895165,235527.08,213326.27,0,0
12,CASH_OUT,178217.38,C1944531859,0.0,0.0,C1786396642,4501961.18,4251161.93,0,0
229,CASH_OUT,220486.58,C443256575,0.0,0.0,C179208025,2269179.58,2489666.16,0,0
396,TRANSFER,875213.55,C1367522019,0.0,0.0,C136356616,4309830.28,5185043.84,0,0
11,PAYMENT,14459.22,C897923211,39948.0,25488.78,M961418448,0.0,0.0,0,0
236,CASH_OUT,121422.39,C1310500423,0.0,0.0,C907487997,1626826.73,1748249.12,0,0
154,CASH_OUT,39590.21,C354902759,0.0,0.0,C2073353441,318883.91,358474.12,0,0
301,CASH_OUT,273339.15,C2131394246,339571.0,66231.85,C1264872013,696280.86,969620.01,0,0
7,CASH_OUT,77253.21,C249200083,1091.15,0.0,C271588719,471444.0,336403.65,0,0
10,CASH_OUT,74190.1,C1860449608,249729.76,175539.66,C237467600,318930.32,21980.31,0,0
253,CASH_OUT,231641.71,C2069695524,0.0,0.0,C980072701,1833515.56,2065157.27,0,0
191,CASH_IN,35269.59,C72679323,1377518.85,1412788.44,C2058567676,610488.88,575219.29,0,0
207,CASH_OUT,95024.86,C302440786,0.0,0.0,C57541900,186797.47,281822.33,0,0
302,CASH_OUT,386023.54,C1786701224,0.0,0.0,C27127579,389015.34,775038.88,0,0
212,CASH_IN,116135.75,C109549101,204673.0,320808.75,C463376666,0.0,0.0,0,0
328,CASH_OUT,212884.77,C69372757,0.0,0.0,C1335226346,2277569.78,2490454.55,0,0
137,CASH_IN,305973.1,C1905061351,392034.0,698007.1,C1895269207,0.0,0.0,0,0
94,CASH_IN,162920.46,C283168237,8643332.42,8806252.88,C1880058411,7520724.02,7357803.55,0,0
374,CASH_OUT,255955.77,C1730214975,2002.0,0.0,C1665448501,0.0,255955.77,0,0
250,PAYMENT,4987.09,C105766657,299610.0,294622.91,M1313111844,0.0,0.0,0,0
42,CASH_OUT,107141.17,C510409191,12453.0,0.0,C1117382784,259702.29,515055.45,0,0
155,CASH_OUT,45301.79,C1536968899,0.0,0.0,C2146730126,1278399.51,1323701.3,0,0
234,TRANSFER,115712.36,C710617656,0.0,0.0,C280794150,1098693.52,1214405.88,0,0
656,PAYMENT,5220.64,C2054628112,2062.0,0.0,M1449664957,0.0,0.0,0,0
374,CASH_IN,91206.28,C542975894,109671.0,200877.28,C1383678621,41086.89,0.0,0,0
299,PAYMENT,20936.47,C1553137068,7182.0,0.0,M1309446387,0.0,0.0,0,0
182,CASH_OUT,173655.13,C1600086058,159039.0,0.0,C550754064,163853.98,337509.11,0,0
330,CASH_OUT,218540.35,C1357070438,0.0,0.0,C2059762056,8530150.36,8748690.71,0,0
39,CASH_OUT,440759.52,C746348142,0.0,0.0,C1908106443,933334.67,1374094.19,0,0
249,TRANSFER,268912.48,C432147162,0.0,0.0,C71562765,1111399.5,1380311.99,0,0
191,PAYMENT,245.4,C640064078,0.0,0.0,M848116774,0.0,0.0,0,0
331,TRANSFER,35206.18,C1780541439,0.0,0.0,C352607904,142763.66,177969.84,0,0
136,PAYMENT,13382.29,C756435736,0.0,0.0,M2113537778,0.0,0.0,0,0
252,CASH_IN,4859.63,C291493936,4106822.89,4111682.52,C2002792683,251879.35,247019.72,0,0
41,TRANSFER,518339.83,C559078087,0.0,0.0,C1728460906,7554201.05,8072540.88,0,0
39,TRANSFER,451310.12,C604541326,54987.0,0.0,C2146875526,974842.68,1797288.53,0,0
346,CASH_IN,161121.07,C290022912,1888481.45,2049602.52,C381600260,412090.16,250969.1,0,0
644,CASH_OUT,49364.07,C877593625,41623.0,0.0,C1575083932,158009.13,207373.19,0,0
374,CASH_IN,92119.49,C1815651807,3297740.33,3389859.82,C158242145,1950696.11,1858576.62,0,0
355,CASH_IN,282508.76,C1448400865,23379.0,305887.76,C814784749,66891.81,0.0,0,0
236,TRANSFER,813462.62,C40905611,153223.0,0.0,C453039491,67479.59,880942.21,0,0
307,CASH_OUT,53797.94,C522950250,113452.0,59654.06,C968695097,309554.38,363352.32,0,0
225,PAYMENT,82797.84,C1411102270,31931.0,0.0,M8961529,0.0,0.0,0,0
40,CASH_OUT,529508.88,C1821641108,8049.0,0.0,C94238070,0.0,529508.88,0,0
303,PAYMENT,13763.87,C1532316610,0.0,0.0,M1131873222,0.0,0.0,0,0
350,PAYMENT,13176.51,C558630256,0.0,0.0,M1646382835,0.0,0.0,0,0
335,PAYMENT,58760.91,C805432013,480859.24,422098.33,M703071544,0.0,0.0,0,0
322,DEBIT,1096.42,C362865724,11227.0,10130.58,C533887341,1013259.91,1014356.33,0,0
232,CASH_OUT,42843.05,C1013384637,0.0,0.0,C615345603,3758226.36,3801069.41,0,0
227,CASH_IN,74833.8,C1086764372,1392489.11,1467322.91,C97617767,158074.64,83240.85,0,0
301,CASH_IN,206764.77,C1692768606,1767.0,208531.77,C1122394266,774962.57,568197.8,0,0
399,CASH_OUT,164032.21,C1227984431,227653.0,63620.79,C743500120,0.0,164032.21,0,0
590,PAYMENT,9296.83,C820447403,0.0,0.0,M184735125,0.0,0.0,0,0
255,CASH_OUT,235731.9,C789074715,14954.0,0.0,C1881669628,2981264.46,3216996.36,0,0
187,CASH_OUT,142259.85,C1064603430,22861.0,0.0,C1727221386,211427.16,353687.02,0,0
356,PAYMENT,8164.01,C1405528965,0.0,0.0,M1933926398,0.0,0.0,0,0
348,CASH_IN,95263.11,C33175299,7356221.51,7451484.62,C1373973293,143134.82,47871.71,0,0
300,CASH_IN,249585.52,C467717543,12086210.8,12335796.32,C726198580,468270.14,218684.62,0,0
177,CASH_IN,396792.55,C1675746664,793.0,397585.55,C256865139,0.0,0.0,0,0
201,PAYMENT,15068.73,C1830375097,0.0,0.0,M1991416,0.0,0.0,0,0
184,CASH_OUT,440773.08,C1461159159,0.0,0.0,C327341526,1138196.74,1578969.82,0,0
155,PAYMENT,14298.25,C1982775599,0.0,0.0,M1309930156,0.0,0.0,0,0
185,CASH_IN,78108.5,C1292711577,16856365.12,16934473.62,C265777076,238095.59,159987.08,0,0
249,PAYMENT,12596.61,C1963550118,0.0,0.0,M1695671000,0.0,0.0,0,0
177,CASH_IN,31141.94,C1259952556,1362949.88,1394091.82,C974768731,1669373.11,1638231.17,0,0
373,PAYMENT,1251.94,C2146933874,0.0,0.0,M1527627185,0.0,0.0,0,0
382,PAYMENT,1068.21,C1480105448,4006.95,2938.74,M1374852383,0.0,0.0,0,0
95,CASH_IN,455834.18,C1503346721,563701.88,1019536.06,C1121802556,2838201.48,2382367.3,0,0
132,PAYMENT,14511.02,C236635667,0.0,0.0,M698251819,0.0,0.0,0,0
322,CASH_OUT,28591.42,C409741973,0.0,0.0,C1904483493,1211089.44,1239680.86,0,0
19,CASH_IN,193890.52,C391871944,26921.0,220811.52,C2136570309,232872.2,38981.68,0,0
129,CASH_OUT,129041.74,C244341744,265.0,0.0,C1300578648,0.0,129041.74,0,0
132,CASH_OUT,215925.55,C1450168978,0.0,0.0,C922807181,411942.41,627867.96,0,0
183,CASH_OUT,136964.13,C1452534624,0.0,0.0,C1755130739,3926844.12,4063808.26,0,0
44,PAYMENT,3551.26,C1828136324,843.47,0.0,M1662786733,0.0,0.0,0,0
7,TRANSFER,1331086.47,C1982404838,15432.0,0.0,C1210180003,59949.22,1313362.94,0,0
393,CASH_OUT,244211.66,C322617928,0.0,0.0,C58016175,880497.39,1124709.04,0,0
206,PAYMENT,2901.96,C776180615,56324.0,53422.04,M2030050716,0.0,0.0,0,0
396,CASH_OUT,386669.45,C1916496762,0.0,0.0,C1377074488,699568.7,1488239.23,0,0
157,PAYMENT,24104.54,C16708267,0.0,0.0,M1911445805,0.0,0.0,0,0
204,CASH_IN,265293.29,C1787501728,351.0,265644.29,C850683997,2215022.18,1949728.89,0,0
18,CASH_OUT,619.31,C590272894,965806.14,965186.83,C274824257,0.0,619.31,0,0
306,TRANSFER,875582.25,C1598042404,94595.97,0.0,C1378537795,9622156.32,10497738.57,0,0
330,CASH_OUT,54330.72,C240218607,0.0,0.0,C580319947,176658.69,230989.41,0,0
249,PAYMENT,13344.1,C400990872,7292.0,0.0,M300081380,0.0,0.0,0,0
289,PAYMENT,8579.34,C662980180,20366.0,11786.66,M317737019,0.0,0.0,0,0
46,CASH_OUT,163051.33,C1117122966,15392.0,0.0,C1939378466,2463135.58,2626186.91,0,0
301,CASH_IN,110568.66,C1769987336,2056769.3,2167337.96,C407792911,175630.33,65061.66,0,0
154,PAYMENT,22434.71,C1019120294,10420.14,0.0,M2011269895,0.0,0.0,0,0
10,CASH_OUT,313664.24,C1826659400,0.0,0.0,C193625667,9150645.97,9464310.21,0,0
208,CASH_OUT,125991.42,C571901331,7310.0,0.0,C1698289399,822675.7,950520.3,0,0
349,CASH_OUT,93496.01,C1902615133,0.0,0.0,C538113947,2087164.19,2180660.2,0,0
156,CASH_IN,113147.72,C229481481,3985489.64,4098637.36,C61031593,213116.03,99968.31,0,0
208,TRANSFER,437371.03,C979315962,0.0,0.0,C45958213,564026.21,1001397.24,0,0
18,PAYMENT,7848.71,C1832568799,196040.06,188191.35,M1629378206,0.0,0.0,0,0
253,CASH_IN,296870.15,C1500999280,13201.0,310071.15,C1622552473,118599.44,0.0,0,0
395,CASH_IN,46773.06,C583270541,7600788.34,7647561.4,C545660061,3521517.05,3474744.0,0,0
328,CASH_IN,106799.55,C775199672,876341.87,983141.42,C1234632255,980615.68,873816.13,0,0
278,TRANSFER,327534.3,C1936578603,0.0,0.0,C1514199309,1067390.45,1394924.75,0,0
518,TRANSFER,153990.5,C1619280891,201778.0,47787.5,C1837241611,0.0,153990.5,0,0
42,TRANSFER,935639.61,C1699211236,89771.37,0.0,C1293949664,2037867.29,2973506.9,0,0
258,CASH_OUT,423808.74,C948008517,0.0,0.0,C1939084847,755968.04,1179776.78,0,0
164,PAYMENT,12209.45,C1549828854,16901.0,4691.55,M1435742536,0.0,0.0,0,0
353,CASH_IN,220141.98,C1484287258,10089.0,230230.98,C1891826460,1352478.87,1132336.88,0,0
34,CASH_IN,320395.22,C1219933393,1158528.94,1478924.15,C644421104,405213.09,13592.78,0,0
140,PAYMENT,5222.23,C2036462106,30296.0,25073.77,M2080924806,0.0,0.0,0,0
233,PAYMENT,29279.51,C1877480943,0.0,0.0,M17092044,0.0,0.0,0,0
255,PAYMENT,206.84,C329671918,25968.18,25761.34,M830219798,0.0,0.0,0,0
137,CASH_OUT,71997.46,C1382737049,0.0,0.0,C1905045732,594918.75,666916.22,0,0
15,CASH_OUT,135411.69,C2019927907,0.0,0.0,C1664754826,1182915.15,1318326.84,0,0
210,TRANSFER,68324.55,C1204432983,0.0,0.0,C1440200379,324774.11,393098.67,0,0
129,CASH_IN,29158.25,C98762391,480.0,29638.25,C2074710753,72959.23,43800.99,0,0
154,CASH_IN,297656.83,C872308387,1018457.76,1316114.59,C1631252583,841526.89,543870.06,0,0
275,CASH_OUT,156765.52,C727477811,0.0,0.0,C773052859,383977.55,540743.07,0,0
683,CASH_OUT,93483.23,C1773649560,93483.23,0.0,C2085820540,86882.3,180365.53,1,0
43,CASH_OUT,218440.55,C542988410,52085.0,0.0,C1790242902,0.0,218440.55,0,0
402,PAYMENT,14872.25,C1623560754,276972.22,262099.98,M1625741812,0.0,0.0,0,0
300,PAYMENT,25540.34,C1817780317,50002.0,24461.66,M1798263689,0.0,0.0,0,0
41,PAYMENT,336.46,C1512711427,50076.0,49739.54,M610095315,0.0,0.0,0,0
216,CASH_OUT,46031.43,C1816231296,0.0,0.0,C1362782214,255950.5,301981.94,0,0
40,CASH_OUT,144153.46,C483691061,27764.0,0.0,C539360430,0.0,144153.46,0,0
186,CASH_OUT,378955.73,C1613083227,0.0,0.0,C1798276972,834854.48,1213810.2,0,0
234,PAYMENT,17147.59,C827453658,12154.0,0.0,M364965509,0.0,0.0,0,0
349,PAYMENT,48213.75,C1194602188,5866.0,0.0,M897474644,0.0,0.0,0,0
41,CASH_IN,210391.93,C1814014154,11016371.05,11226762.98,C1702939487,336890.42,126498.49,0,0
160,PAYMENT,5718.88,C1576282858,6731.0,1012.12,M1072291811,0.0,0.0,0,0
138,CASH_IN,141273.15,C80009629,24639886.52,24781159.68,C559367869,484939.6,219172.46,0,0
229,PAYMENT,4962.99,C1589115167,14752.0,9789.01,M1768343139,0.0,0.0,0,0
177,CASH_IN,242090.12,C264592116,17528542.66,17770632.78,C761150919,319311.17,77221.05,0,0
155,PAYMENT,1854.44,C1146107700,0.0,0.0,M1816242792,0.0,0.0,0,0
187,CASH_IN,78860.27,C335626674,22076.0,100936.27,C1512413377,611984.08,533123.81,0,0
234,PAYMENT,5392.12,C1503656322,10831.0,5438.88,M1243910048,0.0,0.0,0,0
177,PAYMENT,17076.51,C1058293025,0.0,0.0,M741336750,0.0,0.0,0,0
37,CASH_OUT,90723.94,C839531987,0.0,0.0,C1475593328,443762.91,534486.84,0,0
500,CASH_OUT,111054.72,C1673909196,0.0,0.0,C1512228906,469056.05,580110.77,0,0
138,CASH_OUT,25884.0,C389791845,0.0,0.0,C277058199,914340.08,940224.07,0,0
131,CASH_OUT,35472.9,C1343366442,62054.0,26581.1,C663360097,20758.0,0.0,0,0
330,PAYMENT,34917.61,C435002653,0.0,0.0,M1177544744,0.0,0.0,0,0
393,PAYMENT,38264.08,C1431131974,0.0,0.0,M633940431,0.0,0.0,0,0
395,CASH_OUT,378992.97,C1949030828,20817.0,0.0,C689421716,2824674.08,3203667.05,0,0
163,CASH_OUT,318738.99,C525764198,20646.0,0.0,C1917869329,108693.67,427432.66,0,0
140,CASH_OUT,122363.61,C1980355330,10332.0,0.0,C859222722,2253089.4,2375453.01,0,0
137,CASH_OUT,145029.16,C1765538372,0.0,0.0,C1060552727,377126.48,522155.64,0,0
348,CASH_OUT,140162.25,C463410784,0.0,0.0,C812068864,279167.7,419329.95,0,0
589,PAYMENT,23715.07,C1935530674,18776.87,0.0,M1967390182,0.0,0.0,0,0
303,CASH_OUT,75987.34,C1331486159,0.0,0.0,C1340912150,292097.62,368084.95,0,0
231,CASH_IN,267612.19,C1732789610,22636.0,290248.19,C1338973810,1686430.16,1418817.97,0,0
258,PAYMENT,8360.75,C1538904718,0.0,0.0,M750457778,0.0,0.0,0,0
306,CASH_OUT,143963.11,C1544323607,0.0,0.0,C1386681141,11154493.77,11298456.88,0,0
35,CASH_IN,143114.75,C641130643,25591748.33,25734863.08,C1175208170,469426.51,326311.76,0,0
211,CASH_IN,207918.1,C1581127881,1050179.99,1258098.09,C1265009796,351463.09,143545.0,0,0
596,CASH_OUT,57695.35,C1089649936,51.0,0.0,C1152204188,153877.17,211572.52,0,0
375,PAYMENT,12460.31,C1383263848,1376.0,0.0,M628249863,0.0,0.0,0,0
157,CASH_IN,52551.05,C991371830,2000991.33,2053542.38,C382073873,834048.33,781497.28,0,0
139,CASH_OUT,56449.99,C1820719608,104427.02,47977.03,C613128565,192809.72,249259.71,0,0
352,PAYMENT,16532.0,C1774537867,0.0,0.0,M1631103685,0.0,0.0,0,0
40,CASH_OUT,148331.79,C402396374,475903.82,327572.03,C786631574,61167.64,209499.44,0,0
185,PAYMENT,5021.82,C951531132,64831.0,59809.18,M853666510,0.0,0.0,0,0
522,CASH_OUT,195002.03,C2022978153,0.0,0.0,C366268744,236462.56,431464.59,0,0
138,CASH_OUT,100099.26,C345630943,10005.0,0.0,C845738361,4189905.71,4290004.97,0,0
37,CASH_OUT,120193.92,C1315518253,41797.0,0.0,C696129952,0.0,120193.92,0,0
160,PAYMENT,8452.42,C1803002069,0.0,0.0,M643846034,0.0,0.0,0,0
684,TRANSFER,4126119.93,C625476444,344527.0,0.0,C188307334,446963.89,4573083.81,0,0
228,PAYMENT,40925.8,C1255646682,34424.0,0.0,M1929470346,0.0,0.0,0,0
354,PAYMENT,44871.04,C857906147,41272.0,0.0,M1998016541,0.0,0.0,0,0
496,CASH_IN,233176.05,C456511156,1147528.71,1380704.76,C1632482295,550144.16,316968.11,0,0
308,PAYMENT,10503.54,C1598086365,0.0,0.0,M1324449999,0.0,0.0,0,0
14,CASH_IN,11500.21,C786231804,2001427.04,2012927.25,C1167066016,2416331.82,2404831.61,0,0
236,CASH_OUT,58148.24,C446239502,533764.0,475615.76,C1915028592,11043.65,69191.89,0,0
202,CASH_OUT,29475.22,C1082836606,16010.0,0.0,C242522092,57237.02,86712.23,0,0
251,CASH_IN,303337.36,C1909053668,10445.0,313782.36,C1795342784,334579.67,31242.31,0,0
377,CASH_OUT,63328.89,C883888639,30763.0,0.0,C1892867454,7712846.43,7776175.32,0,0
189,CASH_OUT,298903.91,C456410025,0.0,0.0,C1346317033,9066528.27,9172364.74,0,0
205,CASH_OUT,148433.99,C893629182,179171.07,30737.08,C1289700186,1977523.36,2125957.35,0,0
283,CASH_IN,136777.48,C1861550756,3107370.08,3244147.56,C1683549373,407041.19,270263.71,0,0
346,CASH_OUT,177095.18,C411554883,558320.0,381224.82,C2054033195,1068329.59,1245424.77,0,0
399,CASH_OUT,190472.15,C1362472090,12127.0,0.0,C1894379581,54466.26,244938.41,0,0
207,CASH_IN,29707.73,C1239955812,11512446.86,11542154.59,C1636809566,47771.23,18063.5,0,0
237,CASH_OUT,178844.4,C2138549198,0.0,0.0,C381329398,672401.4,851245.8,0,0
303,CASH_IN,124911.67,C2068139505,101111.0,226022.67,C272283941,56236.36,0.0,0,0
17,PAYMENT,13589.33,C956148525,0.0,0.0,M34592661,0.0,0.0,0,0
354,TRANSFER,97301.71,C1750384848,31239.0,0.0,C939322176,36857953.61,36955255.33,0,0
213,CASH_IN,181162.39,C1367135749,7396840.47,7578002.87,C662936276,400008.3,218845.9,0,0
380,CASH_IN,105621.61,C324615636,25024811.37,25130432.98,C507662577,2360361.22,2254739.61,0,0
205,CASH_OUT,147943.65,C507398461,7062.0,0.0,C289827146,0.0,147943.65,0,0
353,CASH_IN,380803.25,C1841108322,61171.0,441974.25,C265311387,215079.66,0.0,0,0
692,PAYMENT,361.53,C284456399,0.0,0.0,M1667812216,0.0,0.0,0,0
9,CASH_IN,364810.85,C2030381661,2318126.43,2682937.28,C1219369531,9940322.17,9204546.58,0,0
324,CASH_IN,45045.18,C1947833123,512205.0,557250.18,C1188470325,0.0,0.0,0,0
182,CASH_OUT,609216.86,C1544023267,15281.0,0.0,C2104590009,0.0,609216.86,0,0
162,CASH_OUT,147973.64,C730391328,0.0,0.0,C817067859,657197.05,805170.69,0,0
231,PAYMENT,8363.79,C916767038,21153.0,12789.21,M1900051947,0.0,0.0,0,0
164,CASH_OUT,44326.32,C2030604385,900.0,0.0,C478451650,0.0,44326.32,0,0
140,CASH_IN,42441.15,C148953922,23919.0,66360.15,C1308018080,30865.74,0.0,0,0
42,TRANSFER,62545.94,C988195365,0.0,0.0,C1027773814,605699.22,668245.16,0,0
287,PAYMENT,18492.44,C215824393,726.0,0.0,M1145370021,0.0,0.0,0,0
188,PAYMENT,13755.82,C587377409,243465.86,229710.04,M2143644128,0.0,0.0,0,0
158,PAYMENT,15330.4,C1047250699,747.0,0.0,M1901970472,0.0,0.0,0,0
301,CASH_OUT,76188.59,C210431435,10926.0,0.0,C1740265449,286138.53,362327.13,0,0
134,CASH_OUT,324049.09,C115263387,258403.0,0.0,C1550551160,334966.91,947219.25,0,0
258,PAYMENT,15785.4,C1665011228,25046.0,9260.6,M1247892773,0.0,0.0,0,0
94,CASH_OUT,180064.21,C1443582114,14857.0,0.0,C498972208,375301.31,555365.52,0,0
375,CASH_OUT,134423.79,C1119448553,0.0,0.0,C1011419007,1278805.88,1413229.66,0,0
132,CASH_IN,7927.43,C989033255,363.0,8290.43,C37924170,200156.9,192229.47,0,0
232,CASH_OUT,154692.67,C1894384509,0.0,0.0,C58470057,4580030.78,4734723.45,0,0
371,CASH_OUT,34056.36,C1126614111,60626.0,26569.64,C219537637,1715876.24,1749932.59,0,0
590,CASH_OUT,403549.93,C959831541,0.0,0.0,C1521781395,2377869.68,2781419.61,0,0
353,PAYMENT,9432.14,C1014445701,19905.0,10472.86,M851408374,0.0,0.0,0,0
525,PAYMENT,23766.59,C481112045,111026.0,87259.41,M1310549886,0.0,0.0,0,0
184,CASH_OUT,402018.27,C830049833,11328.0,0.0,C879329312,2871801.44,3273819.71,0,0
154,PAYMENT,59531.1,C1842245528,14089.84,0.0,M1397461092,0.0,0.0,0,0
280,PAYMENT,498.58,C1596240999,0.0,0.0,M2000728377,0.0,0.0,0,0
323,CASH_IN,100390.56,C558123424,86584.0,186974.56,C503230706,0.0,0.0,0,0
253,PAYMENT,3645.73,C499084371,0.0,0.0,M2038676348,0.0,0.0,0,0
20,TRANSFER,620587.36,C527121410,0.0,0.0,C1351115755,1152392.76,1589954.17,0,0
140,CASH_IN,199757.83,C2040030406,9294672.37,9494430.19,C503053253,447852.96,248095.14,0,0
349,CASH_OUT,223811.3,C691065771,11364.0,0.0,C1446632765,1420154.16,1643965.46,0,0
350,PAYMENT,1294.83,C1592315590,0.0,0.0,M238502720,0.0,0.0,0,0
431,PAYMENT,1090.53,C1223700231,34815.0,33724.47,M280407292,0.0,0.0,0,0
297,TRANSFER,628302.04,C1548427609,10822.0,0.0,C1039401817,0.0,628302.04,0,0
233,CASH_OUT,147185.6,C334779941,15491.0,0.0,C857726609,0.0,147185.6,0,0
378,CASH_IN,188446.12,C1094243292,5142901.58,5331347.7,C1861227714,508494.47,320048.35,0,0
330,CASH_OUT,155905.17,C1468489255,8970.73,0.0,C685698602,2006093.92,2161999.09,0,0
157,PAYMENT,22568.34,C121673706,176429.56,153861.22,M465797053,0.0,0.0,0,0
402,CASH_OUT,152261.91,C1110105400,342.0,0.0,C1555061975,0.0,152261.91,0,0
398,CASH_IN,346868.99,C205926264,389.0,347257.99,C973743007,399648.82,52779.83,0,0
374,CASH_OUT,259959.84,C245485620,43471.0,0.0,C1324177979,493781.22,753741.06,0,0
141,CASH_IN,6067.01,C651351828,9649081.5,9655148.51,C463762904,155559.4,149492.39,0,0
145,PAYMENT,1957.81,C1906253970,90.0,0.0,M489353970,0.0,0.0,0,0
212,CASH_OUT,32998.72,C1627221278,20292.0,0.0,C1573602738,3020059.55,3053058.27,0,0
276,PAYMENT,8075.25,C1313758558,10041.22,1965.97,M962639355,0.0,0.0,0,0
162,PAYMENT,5929.29,C42312626,276329.72,270400.42,M1912998981,0.0,0.0,0,0
373,CASH_OUT,100384.08,C1892790152,69867.0,0.0,C566427967,5355836.71,5456220.8,0,0
303,PAYMENT,15395.66,C963189208,0.0,0.0,M68565807,0.0,0.0,0,0
10,PAYMENT,258.55,C1362561820,317573.35,317314.8,M575205576,0.0,0.0,0,0
180,CASH_IN,216380.5,C943906045,16104.0,232484.5,C636138265,0.0,0.0,0,0
11,PAYMENT,11441.61,C1350030880,47651.0,36209.39,M1695213463,0.0,0.0,0,0
188,CASH_IN,70643.9,C1248291605,203761.0,274404.9,C968882805,0.0,0.0,0,0
15,CASH_OUT,90548.09,C1807268726,22149.0,0.0,C500703366,0.0,28502.44,0,0
155,PAYMENT,166.91,C1991141405,10093.0,9926.09,M2075139564,0.0,0.0,0,0
282,TRANSFER,492822.46,C758975164,0.0,0.0,C1378233097,1052295.77,1545118.23,0,0
371,PAYMENT,51769.46,C904657322,10643.0,0.0,M481468850,0.0,0.0,0,0
35,CASH_OUT,248823.52,C1979501645,5174.0,0.0,C1514794352,1007073.21,1255896.73,0,0
161,PAYMENT,11453.59,C325311902,0.0,0.0,M725888020,0.0,0.0,0,0
350,CASH_OUT,164464.11,C1182820380,64874.0,0.0,C1588957891,575339.81,739803.92,0,0
259,CASH_IN,75297.9,C877834987,1911996.06,1987293.96,C1938409896,8300575.56,8225277.65,0,0
229,CASH_IN,171697.74,C121617064,12439366.98,12611064.72,C656370020,1769872.35,1598174.61,0,0
396,CASH_IN,123197.02,C1832242886,120.0,123317.02,C276191877,7522335.72,7399138.7,0,0
157,PAYMENT,12431.61,C615984420,1934.0,0.0,M1832370665,0.0,0.0,0,0
18,CASH_IN,291331.72,C710378611,124512.0,415843.72,C1662898073,0.0,0.0,0,0
18,CASH_OUT,345144.58,C609387891,499063.0,153918.42,C1650704471,10974.0,12557.52,0,0
294,CASH_OUT,806863.3,C747251675,806863.3,0.0,C1519845212,2344186.16,3151049.45,1,0
166,PAYMENT,761.48,C977212251,0.0,0.0,M1416107091,0.0,0.0,0,0
528,DEBIT,1523.38,C101554713,67585.0,66061.62,C710342888,46850.59,48373.97,0,0
303,CASH_OUT,43159.01,C447146159,9670.0,0.0,C671337546,20614518.69,20657677.7,0,0
251,CASH_OUT,176461.36,C248360713,0.0,0.0,C221754843,1317008.16,1493469.53,0,0
190,PAYMENT,2541.55,C1564902645,10496.94,7955.39,M1895691230,0.0,0.0,0,0
373,CASH_IN,183698.96,C2144691964,2992343.22,3176042.18,C271575221,6220149.35,6036450.39,0,0
297,PAYMENT,9698.49,C2070002745,52583.0,42884.51,M1411035807,0.0,0.0,0,0
374,CASH_OUT,237692.31,C1299995578,10587.0,0.0,C708211451,0.0,237692.31,0,0
328,CASH_IN,110101.1,C957587875,21308.0,131409.1,C746609581,72149.85,0.0,0,0
44,CASH_OUT,135249.4,C36185976,2049.0,0.0,C1297505300,289514.75,424764.16,0,0
186,CASH_OUT,214124.8,C902519236,8163.0,0.0,C1429968288,2305757.33,2519882.14,0,0
181,CASH_OUT,39995.1,C2113946113,371482.0,331486.9,C425492546,0.0,39995.1,0,0
573,PAYMENT,2706.27,C1332049776,93652.0,90945.73,M70000857,0.0,0.0,0,0
161,PAYMENT,31009.39,C1975067906,0.0,0.0,M882272147,0.0,0.0,0,0
158,CASH_IN,143484.87,C1950011604,10310.0,153794.87,C857365378,5117425.06,4973940.19,0,0
326,CASH_IN,29529.5,C1185590750,6503025.55,6532555.05,C1602128458,818638.55,789109.04,0,0
350,PAYMENT,13507.86,C1873356357,116.0,0.0,M318934800,0.0,0.0,0,0
596,CASH_IN,127498.89,C954473044,12870344.48,12997843.38,C691838055,315659.12,188160.23,0,0
398,CASH_OUT,105095.61,C1444613651,197.0,0.0,C1961424733,0.0,105095.61,0,0
249,PAYMENT,7204.87,C1492365071,0.0,0.0,M72606899,0.0,0.0,0,0
383,CASH_IN,62337.26,C141646271,9250445.78,9312783.05,C2082326073,78416.73,16079.46,0,0
304,CASH_IN,117647.31,C894616067,5340817.35,5458464.66,C1284730927,190131.91,72484.6,0,0
10,CASH_IN,217551.94,C25554543,2180195.92,2397747.86,C157591472,727567.81,671031.83,0,0
331,CASH_OUT,136394.82,C2081894246,20172.0,0.0,C1792808381,71006.54,207401.35,0,0
278,PAYMENT,4224.1,C981606624,39790.0,35565.9,M537397999,0.0,0.0,0,0
13,PAYMENT,7925.85,C1928538947,0.0,0.0,M8336625,0.0,0.0,0,0
375,PAYMENT,9118.65,C1327273607,30028.0,20909.35,M2111824551,0.0,0.0,0,0
186,PAYMENT,6638.31,C1702795050,0.0,0.0,M320891926,0.0,0.0,0,0
350,TRANSFER,2028585.1,C871049945,200879.0,0.0,C402262184,0.0,2028585.1,0,0
594,CASH_OUT,261320.32,C1473474111,10645.0,0.0,C1692832856,0.0,261320.32,0,0
300,TRANSFER,155304.73,C1813715779,50020.33,0.0,C1181681250,679687.96,834992.69,0,0
163,CASH_OUT,168519.09,C590825815,950073.07,781553.97,C172475290,460071.69,412304.97,0,0
394,CASH_OUT,109435.04,C1960897990,0.0,0.0,C753298852,1318732.77,1428167.81,0,0
154,PAYMENT,582.31,C1799708023,0.0,0.0,M1753025523,0.0,0.0,0,0
301,CASH_OUT,156493.77,C38777806,0.0,0.0,C1286928684,1140358.08,1296851.85,0,0
331,PAYMENT,10643.61,C1425980682,25546.0,14902.39,M782997951,0.0,0.0,0,0
185,CASH_OUT,50111.49,C1630913283,0.0,0.0,C1399458580,955820.53,1005932.02,0,0
43,CASH_IN,114531.59,C204837053,610178.39,724709.98,C699453810,1321270.92,1206739.32,0,0
282,TRANSFER,242746.5,C1459471804,50375.0,0.0,C1262011052,24080.97,266827.47,0,0
186,PAYMENT,12467.43,C1804644264,50205.0,37737.57,M703180768,0.0,0.0,0,0
350,PAYMENT,30729.3,C581092628,28969.0,0.0,M727473563,0.0,0.0,0,0
140,PAYMENT,11600.89,C1033179241,11486.0,0.0,M741223780,0.0,0.0,0,0
354,CASH_OUT,128566.05,C51713258,11602.0,0.0,C1697147324,491639.11,620205.16,0,0
193,CASH_IN,82742.97,C1012444574,7990531.09,8073274.07,C1043731023,497515.96,414772.99,0,0
235,CASH_OUT,5621.13,C1429344237,122480.0,116858.87,C2012864987,2452067.95,2457689.08,0,0
396,PAYMENT,10692.93,C1354365880,0.0,0.0,M1241484709,0.0,0.0,0,0
158,CASH_OUT,127048.8,C935830942,35699.0,0.0,C1439366836,486136.46,613185.26,0,0
18,CASH_OUT,31580.05,C679835635,0.0,0.0,C592093707,344815.59,225422.32,0,0
401,PAYMENT,59782.45,C1994740718,163328.0,103545.55,M414554241,0.0,0.0,0,0
371,PAYMENT,10452.21,C1159397263,167.0,0.0,M1048655542,0.0,0.0,0,0
140,PAYMENT,32724.57,C41281472,0.0,0.0,M20923479,0.0,0.0,0,0
237,CASH_OUT,43209.97,C2045288691,0.0,0.0,C1970702528,137955.03,181165.0,0,0
351,PAYMENT,614.61,C654007684,0.0,0.0,M944416080,0.0,0.0,0,0
48,PAYMENT,6345.94,C687205356,32780.0,26434.06,M1728022128,0.0,0.0,0,0
185,TRANSFER,273503.4,C362808071,0.0,0.0,C1047773674,344044.52,617547.92,0,0
393,CASH_IN,221794.83,C133176430,80403.0,302197.83,C1645778736,436995.59,215200.76,0,0
182,PAYMENT,2588.54,C1173615080,41547.0,38958.46,M531725823,0.0,0.0,0,0
594,CASH_OUT,60606.32,C1024549765,0.0,0.0,C1305009774,338629.16,399235.48,0,0
399,CASH_OUT,201007.2,C166446075,0.0,0.0,C216592405,11892767.37,12093774.57,0,0
448,CASH_IN,139877.02,C820264689,31528.0,171405.02,C250343810,74340.03,0.0,0,0
274,CASH_OUT,11627.6,C30171635,9497.0,0.0,C2103889084,85632.19,97259.79,0,0
394,CASH_OUT,122426.33,C470143903,50137.0,0.0,C85010535,0.0,122426.33,0,0
17,CASH_OUT,275609.35,C487812799,0.0,0.0,C1837095482,3492822.62,4143933.6,0,0
13,CASH_OUT,194396.2,C1434018911,22096.0,0.0,C2076351339,566201.81,760598.01,0,0
44,CASH_OUT,33077.87,C1831036283,11742.0,0.0,C683138717,125519.61,158597.48,0,0
163,PAYMENT,3873.38,C1976238602,67229.66,63356.27,M510682926,0.0,0.0,0,0
306,CASH_IN,328218.97,C171710026,2278.0,330496.97,C876071903,0.0,0.0,0,0
281,CASH_OUT,83493.15,C2111405403,0.0,0.0,C321717015,5322310.45,5405803.6,0,0
253,PAYMENT,36862.87,C1607635931,341.0,0.0,M979933234,0.0,0.0,0,0
46,CASH_IN,376550.63,C110048837,3810179.25,4186729.89,C471450373,3856176.73,3479626.09,0,0
250,PAYMENT,6905.63,C498744194,20286.0,13380.37,M877647877,0.0,0.0,0,0
179,CASH_IN,269030.81,C1600631464,47806.0,316836.81,C83179166,57080.23,0.0,0,0
304,CASH_OUT,242891.09,C1228793560,63399.0,0.0,C1362453499,0.0,242891.09,0,0
182,CASH_OUT,233144.01,C981409446,175479.0,0.0,C1584838894,784182.22,1017326.23,0,0
306,CASH_IN,64851.41,C1133286126,51936.0,116787.41,C890377362,7097450.58,7032599.16,0,0
142,CASH_IN,307084.24,C859180153,2878951.02,3186035.26,C1356915369,993350.55,686266.31,0,0
329,CASH_IN,9426.71,C173650238,20139.0,29565.71,C109775032,44480.12,35053.41,0,0
20,CASH_OUT,90730.07,C974160097,5242.79,0.0,C447070962,5546453.08,5702938.58,0,0
156,CASH_OUT,11756.35,C716006124,31034.0,19277.65,C1560501002,932285.75,944042.1,0,0
302,CASH_OUT,241110.6,C1161563257,32063.0,0.0,C1858926350,1140910.45,1497268.98,0,0
135,CASH_OUT,102963.17,C984183367,102489.0,0.0,C1646096543,2522018.03,2624981.2,0,0
158,CASH_IN,22813.55,C211548782,1743300.23,1766113.77,C308067528,161798.23,138984.69,0,0
227,CASH_OUT,122320.7,C452328676,0.0,0.0,C2111561670,600712.99,723033.69,0,0
16,CASH_OUT,225604.23,C1272954468,11584.0,0.0,C1824264467,0.0,225604.23,0,0
44,CASH_IN,36831.01,C205094671,86907.0,123738.01,C1808866632,0.0,0.0,0,0
33,CASH_IN,56418.29,C2103095274,837103.24,893521.53,C2133414706,107456.0,51037.71,0,0
206,CASH_IN,249617.0,C902469108,6530508.18,6780125.18,C1172704377,4943519.21,4693902.21,0,0
399,CASH_OUT,104826.04,C475092059,0.0,0.0,C2020860569,358811.52,463637.56,0,0
394,CASH_IN,382764.76,C911386330,4184362.51,4567127.28,C1582426917,4627918.53,4245153.77,0,0
250,CASH_OUT,79906.11,C970996326,9563.0,0.0,C1754142396,2721850.38,2801756.49,0,0
253,PAYMENT,8965.3,C343462036,11638.0,2672.7,M790244937,0.0,0.0,0,0
297,CASH_OUT,71366.59,C757911593,39945.0,0.0,C1190131047,5677335.99,5748702.58,0,0
228,PAYMENT,1878.78,C347970069,104647.0,102768.22,M722510812,0.0,0.0,0,0
22,CASH_OUT,89610.96,C208207382,0.0,0.0,C320737482,948201.0,1037811.96,0,0
395,PAYMENT,6181.42,C567856792,37496.0,31314.58,M895431242,0.0,0.0,0,0
14,CASH_IN,104686.25,C1408894524,34785.0,139471.25,C250012975,0.0,0.0,0,0
329,CASH_OUT,88115.81,C561085588,0.0,0.0,C796091198,1845261.63,1933377.44,0,0
404,CASH_OUT,28360.65,C26798809,0.0,0.0,C266220697,1064096.78,1092457.43,0,0
383,CASH_OUT,213617.39,C317896838,0.0,0.0,C958953991,3208433.37,3422050.76,0,0
345,PAYMENT,22663.99,C1438120296,328.0,0.0,M813735378,0.0,0.0,0,0
40,CASH_OUT,26466.95,C1128647304,5539.0,0.0,C1941916202,16058.06,42525.01,0,0
346,CASH_OUT,306082.37,C2111535698,0.0,0.0,C650035806,427170.04,733252.41,0,0
408,PAYMENT,1432.93,C1367953979,115839.0,114406.07,M324342131,0.0,0.0,0,0
14,TRANSFER,1130873.56,C713164662,30423.0,0.0,C1283374857,512932.96,1558198.79,0,0
183,PAYMENT,1356.14,C585438732,0.0,0.0,M684850051,0.0,0.0,0,0
407,CASH_OUT,112090.39,C1578615855,0.0,0.0,C339470009,10568342.79,10680433.18,0,0
18,CASH_OUT,192874.26,C764727602,0.0,0.0,C1577025186,353720.18,546594.44,0,0
18,CASH_OUT,151506.34,C1459453955,370.0,0.0,C2077576601,281529.2,433035.54,0,0
204,CASH_IN,239759.86,C1935842028,8276070.6,8515830.46,C424825750,342297.54,102537.68,0,0
298,CASH_OUT,503738.93,C1236972535,0.0,0.0,C100195995,1126233.2,1629972.13,0,0
20,PAYMENT,36418.46,C1398270489,0.0,0.0,M4347320,0.0,0.0,0,0
162,CASH_OUT,319441.79,C1798524768,229609.92,0.0,C1975918135,7969375.68,8634079.6,0,0
43,CASH_OUT,186125.96,C1482622089,0.0,0.0,C739880811,373756.98,559882.93,0,0
44,TRANSFER,62846.46,C2140826890,11581.0,0.0,C1069968715,316433.99,379280.45,0,0
403,TRANSFER,840454.1,C1891624473,0.0,0.0,C1601205723,860972.32,1701426.43,0,0
37,CASH_OUT,82504.57,C1700308663,0.0,0.0,C312713305,365532.22,448036.79,0,0
379,PAYMENT,20751.36,C1909470620,253411.0,232659.64,M1682408611,0.0,0.0,0,0
134,CASH_OUT,140067.49,C1386679879,0.0,0.0,C1064868912,2767635.02,2907702.51,0,0
201,CASH_OUT,48899.11,C2118989260,0.0,0.0,C846135284,210499.97,259399.08,0,0
321,TRANSFER,2120611.12,C1459123422,0.0,0.0,C549139955,6450489.1,8571100.23,0,0
209,CASH_IN,113961.29,C494742384,575456.37,689417.66,C329456197,6646087.92,6532126.62,0,0
276,CASH_IN,177936.44,C46021971,5197694.05,5375630.49,C1742467356,1485157.91,1307221.47,0,0
18,CASH_IN,116528.64,C427769346,50323.0,166851.64,C167175733,662203.68,498688.58,0,0
255,CASH_OUT,117174.85,C502532257,0.0,0.0,C1167337612,385002.66,502177.51,0,0
21,PAYMENT,9031.59,C788347695,169913.0,160881.41,M818025487,0.0,0.0,0,0
404,TRANSFER,284181.35,C1572564959,18831.35,0.0,C369284896,712461.52,996642.87,0,0
299,PAYMENT,5151.1,C1634722951,0.0,0.0,M736920118,0.0,0.0,0,0
212,TRANSFER,4953893.08,C728984460,4953893.08,4953893.08,C639921569,0.0,0.0,1,1
379,CASH_IN,77368.75,C1199356949,24635410.55,24712779.3,C912095413,103236.67,25867.92,0,0
158,CASH_OUT,325033.71,C33627542,0.0,0.0,C1076385632,505884.68,830918.39,0,0
165,PAYMENT,8881.23,C1466302771,52552.0,43670.77,M1484695868,0.0,0.0,0,0
131,TRANSFER,369241.59,C70208605,0.0,0.0,C2009093032,600144.07,969385.66,0,0
20,TRANSFER,1067740.33,C875553654,30318.0,0.0,C1190332895,706171.21,1773911.54,0,0
306,CASH_OUT,51688.55,C653116043,97484.0,45795.45,C75404027,0.0,51688.55,0,0
277,CASH_OUT,86892.84,C1054904549,0.0,0.0,C1737413597,3562908.23,3649801.07,0,0
201,PAYMENT,13573.44,C1958989962,8030.95,0.0,M1458926839,0.0,0.0,0,0
210,CASH_OUT,119043.36,C1708887366,59235.0,0.0,C966018940,2071.78,121115.14,0,0
138,CASH_IN,118525.92,C1004455679,8254.0,126779.92,C1138817531,10942.61,0.0,0,0
279,CASH_IN,165732.9,C1166700920,24118825.16,24284558.06,C2140029833,4265312.3,4099579.4,0,0
379,CASH_OUT,154185.03,C870036720,102213.0,0.0,C403203523,2849142.19,3003327.22,0,0
283,CASH_OUT,390323.47,C1470234114,0.0,0.0,C1108671624,7956307.0,8346630.46,0,0
137,PAYMENT,3427.74,C299881200,79271.0,75843.26,M166585974,0.0,0.0,0,0
38,PAYMENT,11116.3,C182949497,100283.0,89166.7,M264879465,0.0,0.0,0,0
548,PAYMENT,8647.59,C76280739,0.0,0.0,M731968202,0.0,0.0,0,0
261,PAYMENT,4218.59,C916536135,0.0,0.0,M479987559,0.0,0.0,0,0
370,PAYMENT,9341.45,C1533282587,356011.4,346669.95,M1902361050,0.0,0.0,0,0
180,PAYMENT,11314.01,C1485400045,4954.0,0.0,M1780037453,0.0,0.0,0,0
182,CASH_OUT,73443.84,C259671510,0.0,0.0,C2036424709,390784.85,464228.69,0,0
277,CASH_OUT,52649.33,C898361720,0.0,0.0,C309183527,582034.1,634683.43,0,0
350,PAYMENT,28867.08,C1863138315,489432.62,460565.54,M122928567,0.0,0.0,0,0
254,CASH_OUT,350862.7,C579633837,0.0,0.0,C256176620,565803.29,916666.0,0,0
306,PAYMENT,4001.69,C1505174831,0.0,0.0,M889368019,0.0,0.0,0,0
476,PAYMENT,1313.84,C1371482499,687.0,0.0,M677096722,0.0,0.0,0,0
95,PAYMENT,70.43,C661691277,179729.21,179658.77,M1056990134,0.0,0.0,0,0
329,CASH_IN,96828.25,C304716041,2425106.79,2521935.04,C640592977,2960585.67,2863757.41,0,0
203,CASH_IN,258101.8,C1139500340,6571376.26,6829478.07,C1961646906,273732.35,15630.55,0,0
40,CASH_IN,114661.67,C566195854,74943.0,189604.67,C1436705538,132289.56,17627.89,0,0
588,PAYMENT,11375.07,C894234207,27674.97,16299.89,M2014963892,0.0,0.0,0,0
354,PAYMENT,15561.04,C671179936,0.0,0.0,M1341078498,0.0,0.0,0,0
132,CASH_OUT,88397.93,C1492200662,0.0,0.0,C976164557,124016.55,212414.48,0,0
9,CASH_IN,203214.08,C750708306,40718.0,243932.08,C1450150251,66322.0,0.0,0,0
255,PAYMENT,869.3,C1896972824,50636.0,49766.7,M142342905,0.0,0.0,0,0
398,CASH_OUT,74943.7,C613045705,19310.0,0.0,C267932530,550236.9,625180.6,0,0
205,TRANSFER,483817.09,C523286269,0.0,0.0,C2009082452,3613174.34,4096991.43,0,0
397,CASH_OUT,321880.19,C675329792,136454.0,0.0,C238668530,666891.78,988771.97,0,0
16,PAYMENT,16087.23,C1160035148,0.0,0.0,M341944859,0.0,0.0,0,0
567,CASH_OUT,377484.0,C418934561,44917.0,0.0,C836249110,183517.82,561001.82,0,0
129,PAYMENT,1850.67,C534811552,21308.0,19457.33,M1542222765,0.0,0.0,0,0
182,CASH_OUT,336369.59,C1118045065,16600.0,0.0,C1540321401,212669.0,549038.59,0,0
276,PAYMENT,6055.38,C270984175,169580.0,163524.62,M1348089788,0.0,0.0,0,0
202,CASH_OUT,321702.28,C1439410529,312460.0,0.0,C1657041838,1543152.49,1864854.77,0,0
299,CASH_IN,221.76,C1967837001,6379501.84,6379723.6,C1956457360,20261.47,20039.71,0,0
179,TRANSFER,425051.28,C350778798,9674.0,0.0,C315161875,594186.02,1019237.31,0,0
16,PAYMENT,27683.67,C1062669905,0.0,0.0,M601174739,0.0,0.0,0,0
333,CASH_OUT,104435.29,C1821052251,0.0,0.0,C2041008409,636129.4,740564.68,0,0
141,PAYMENT,13095.09,C1937977255,21452.0,8356.91,M1016860656,0.0,0.0,0,0
493,PAYMENT,35855.04,C184978226,198804.0,162948.96,M1901773897,0.0,0.0,0,0
205,CASH_IN,236545.11,C2104577065,10997.0,247542.11,C1814743278,248009.03,11463.93,0,0
549,CASH_IN,149526.85,C867225445,212774.0,362300.85,C276147479,0.0,0.0,0,0
403,CASH_IN,65376.66,C1817594771,6289531.18,6354907.84,C1239031261,1753805.13,1688428.47,0,0
325,PAYMENT,23661.48,C1268926862,0.0,0.0,M1726028995,0.0,0.0,0,0
355,CASH_OUT,137825.36,C934980411,0.0,0.0,C1878593739,1309962.96,1447788.32,0,0
322,TRANSFER,440777.12,C1642074775,69844.0,0.0,C1200754697,330515.95,771293.08,0,0
451,CASH_IN,246608.79,C1697846408,24186.0,270794.79,C1143329943,2313124.83,2066516.03,0,0
259,CASH_IN,264161.19,C994905923,1594523.95,1858685.14,C952595667,1400027.86,1135866.67,0,0
402,CASH_OUT,160459.73,C480642841,0.0,0.0,C1520594719,3666604.84,3827064.56,0,0
377,CASH_OUT,71022.97,C1213288489,10646.0,0.0,C1797919997,84887.49,155910.46,0,0
13,PAYMENT,8342.03,C1445108729,305000.28,296658.26,M304191532,0.0,0.0,0,0
299,PAYMENT,36155.19,C1292696100,0.0,0.0,M1512096412,0.0,0.0,0,0
19,PAYMENT,7473.63,C1625306007,0.0,0.0,M1853307520,0.0,0.0,0,0
95,CASH_OUT,32196.59,C1799388629,0.0,0.0,C988705496,5199861.08,5015322.9,0,0
212,CASH_IN,273748.47,C2003401620,5763638.14,6037386.61,C1714938931,296143.76,22395.28,0,0
297,CASH_OUT,131718.61,C616396980,10891.0,0.0,C1795131625,151744.09,283462.7,0,0
395,CASH_OUT,55698.81,C1198033300,100462.0,44763.19,C1959559159,0.0,55698.81,0,0
134,CASH_OUT,348275.35,C1522624119,0.0,0.0,C74288440,2854643.75,3202919.1,0,0
156,PAYMENT,12355.58,C1674220591,0.0,0.0,M2032504797,0.0,0.0,0,0
287,PAYMENT,14868.76,C1805204516,0.0,0.0,M1449288962,0.0,0.0,0,0
7,PAYMENT,7456.1,C1901405112,21686.0,14229.9,M1327733366,0.0,0.0,0,0
253,TRANSFER,1592411.94,C1932307302,35584.0,0.0,C946186798,1992294.28,3584706.22,0,0
322,CASH_IN,92790.34,C1000534589,8207078.58,8299868.92,C912976721,6777942.83,6685152.49,0,0
324,PAYMENT,1873.41,C1124340886,788346.41,786473.0,M195635213,0.0,0.0,0,0
241,CASH_OUT,204681.48,C1269549720,26633.36,0.0,C184254704,358483.37,563164.84,0,0
644,CASH_OUT,73107.62,C1489619205,32353.0,0.0,C1366589403,0.0,73107.62,0,0
262,PAYMENT,2612.71,C395334853,52527.0,49914.29,M847653440,0.0,0.0,0,0
134,PAYMENT,4786.4,C1871486543,0.0,0.0,M76826899,0.0,0.0,0,0
372,PAYMENT,7033.48,C511079042,1633.0,0.0,M33416945,0.0,0.0,0,0
303,CASH_IN,312727.19,C1591734462,28736.0,341463.19,C838948978,410671.95,97944.76,0,0
39,CASH_OUT,25301.16,C655259291,0.0,0.0,C1688594310,299211.97,324513.13,0,0
303,PAYMENT,2880.96,C492145062,76961.3,74080.34,M1974943259,0.0,0.0,0,0
371,TRANSFER,772296.58,C1641518900,0.0,0.0,C620902860,2077733.67,2850030.25,0,0
43,CASH_IN,43550.17,C1648985450,120179.93,163730.1,C296562338,1629001.26,1663080.13,0,0
300,PAYMENT,27302.87,C1448383087,0.0,0.0,M1468475221,0.0,0.0,0,0
239,PAYMENT,4850.59,C401849338,225172.0,220321.41,M1552518432,0.0,0.0,0,0
309,PAYMENT,19240.1,C1752155530,0.0,0.0,M260804472,0.0,0.0,0,0
684,PAYMENT,5183.37,C1652492723,15603.39,10420.02,M2110507332,0.0,0.0,0,0
400,CASH_IN,195574.71,C108625566,1428442.88,1624017.59,C1701136497,617963.28,422388.57,0,0
95,CASH_OUT,176174.67,C165448240,0.0,0.0,C1607721978,214052.89,390227.55,0,0
397,PAYMENT,9574.23,C812087967,729389.0,719814.77,M1525865742,0.0,0.0,0,0
36,TRANSFER,323378.71,C1453638924,0.0,0.0,C541258645,501739.31,825118.03,0,0
207,CASH_IN,65349.58,C1030982332,2829751.75,2895101.34,C1370209618,916464.42,851114.84,0,0
327,CASH_IN,323763.01,C628907717,5074775.67,5398538.68,C2055980315,490373.45,166610.44,0,0
236,CASH_OUT,139768.71,C192549839,0.0,0.0,C762759570,11556823.97,11696592.67,0,0
180,PAYMENT,6817.78,C788384452,47190.0,40372.22,M1794508515,0.0,0.0,0,0
252,CASH_OUT,33831.81,C1118649506,0.0,0.0,C1722883468,4354624.04,4420184.03,0,0
133,PAYMENT,3905.28,C313716075,68678.0,64772.72,M284183932,0.0,0.0,0,0
299,CASH_OUT,126133.65,C1142119330,34279.0,0.0,C730350455,38334.23,164467.89,0,0
209,CASH_OUT,29712.05,C1820261015,0.0,0.0,C1752591265,1742301.82,1772013.86,0,0
96,PAYMENT,19.39,C145038503,15848.0,15828.61,M436090088,0.0,0.0,0,0
41,CASH_OUT,343027.45,C1024543717,0.0,0.0,C1169315321,353515.3,696542.75,0,0
474,PAYMENT,11300.35,C511771034,74593.0,63292.65,M309983713,0.0,0.0,0,0
399,PAYMENT,4007.87,C1300892613,0.0,0.0,M513329048,0.0,0.0,0,0
164,CASH_IN,91410.95,C1596282278,1105.0,92515.95,C2128645176,144414.28,53003.33,0,0
308,PAYMENT,38293.5,C1269632250,0.0,0.0,M55629029,0.0,0.0,0,0
239,PAYMENT,18857.05,C1251364898,41038.93,22181.88,M506254328,0.0,0.0,0,0
141,TRANSFER,748775.62,C121817565,0.0,0.0,C1126814500,1179856.92,1928632.54,0,0
95,PAYMENT,6202.7,C196248895,0.0,0.0,M980968102,0.0,0.0,0,0
134,PAYMENT,62387.08,C1020073805,175800.08,113413.0,M1697723026,0.0,0.0,0,0
403,CASH_IN,217348.48,C1062230392,28717.0,246065.48,C2120042081,0.0,0.0,0,0
404,CASH_OUT,107072.12,C442037163,10822.0,0.0,C599174068,0.0,107072.12,0,0
144,PAYMENT,706.61,C515240582,743.0,36.39,M1840316250,0.0,0.0,0,0
251,CASH_IN,63720.36,C945692515,16976961.59,17040681.95,C1886795573,1190761.82,1127041.46,0,0
204,PAYMENT,18482.64,C1788614688,31031.45,12548.81,M1919208957,0.0,0.0,0,0
284,CASH_OUT,41392.47,C1840732362,63872.0,22479.53,C1132494342,0.0,62003.5,0,0
404,CASH_OUT,110556.68,C227116382,0.0,0.0,C1196905443,3832698.18,3943254.86,0,0
237,PAYMENT,3101.25,C1834494460,30174.0,27072.75,M341475077,0.0,0.0,0,0
138,CASH_OUT,209835.61,C199980701,0.0,0.0,C38045322,1939860.71,2149696.32,0,0
323,PAYMENT,37228.77,C445652269,0.0,0.0,M921297051,0.0,0.0,0,0
352,PAYMENT,8717.41,C903082377,0.0,0.0,M197479812,0.0,0.0,0,0
402,CASH_OUT,82639.37,C1840226881,0.0,0.0,C1524242530,237343.49,319982.86,0,0
353,PAYMENT,2629.58,C1294900585,284256.96,281627.39,M302528498,0.0,0.0,0,0
382,PAYMENT,10968.61,C167833503,305647.0,294678.39,M1629240136,0.0,0.0,0,0
132,CASH_OUT,143777.84,C1717728486,0.0,0.0,C180037483,222937.44,366715.28,0,0
138,PAYMENT,21527.33,C59366354,263309.0,241781.67,M1254241532,0.0,0.0,0,0
394,CASH_OUT,279516.39,C1200962164,0.0,0.0,C431416986,638282.76,917799.16,0,0
397,PAYMENT,661.74,C1087394387,0.0,0.0,M614412510,0.0,0.0,0,0
46,PAYMENT,3393.98,C200496008,600120.0,596726.02,M582886129,0.0,0.0,0,0
328,CASH_IN,102320.01,C1281462640,4059676.01,4161996.02,C795840871,450378.36,348058.35,0,0
395,CASH_IN,144550.02,C473249,1105765.2,1250315.22,C252721565,1723682.99,1579132.98,0,0
230,CASH_IN,168916.53,C1045725830,854635.08,1023551.61,C895280782,749623.22,580706.69,0,0
204,CASH_OUT,174808.46,C896462880,0.0,0.0,C919306039,2134636.91,2309445.37,0,0
38,CASH_OUT,63023.8,C1675116464,0.0,0.0,C536178983,1114234.79,1177258.59,0,0
301,TRANSFER,491753.69,C50169804,0.0,0.0,C387620559,741949.97,1233703.66,0,0
254,PAYMENT,8519.1,C688981659,208.43,0.0,M1251497592,0.0,0.0,0,0
20,CASH_IN,99010.37,C1319985290,12519.0,111529.37,C537985281,1241899.24,1142888.87,0,0
160,CASH_IN,112854.22,C1851313644,13311.0,126165.22,C1917025677,4586841.68,4473987.46,0,0
235,TRANSFER,1133029.24,C665779203,281.0,0.0,C1142488685,308085.64,1441114.88,0,0
302,PAYMENT,20498.36,C1191553018,138553.0,118054.64,M358490766,0.0,0.0,0,0
307,PAYMENT,55134.86,C41511043,0.0,0.0,M120528091,0.0,0.0,0,0
404,PAYMENT,10476.43,C19697526,62955.0,52478.57,M1875174082,0.0,0.0,0,0
276,PAYMENT,18530.85,C67394878,29882.0,11351.15,M1947352977,0.0,0.0,0,0
346,PAYMENT,23469.11,C668120831,70111.0,46641.89,M1586976811,0.0,0.0,0,0
260,CASH_OUT,133374.65,C1758604709,0.0,0.0,C1323211235,687791.5,821166.15,0,0
442,CASH_OUT,124198.82,C1640757397,19840.0,0.0,C1099787699,0.0,124198.82,0,0
157,CASH_IN,266394.71,C1004323901,49939.0,316333.71,C1327330940,217176.38,0.0,0,0
377,CASH_OUT,10546.87,C802308514,0.0,0.0,C364393564,703641.89,714188.76,0,0
48,CASH_OUT,315814.26,C94717409,0.0,0.0,C2104507826,3018974.89,3334789.15,0,0
398,CASH_OUT,88992.45,C1379962851,0.0,0.0,C1921034805,317530.22,406522.67,0,0
238,CASH_IN,87259.83,C36869063,29683.0,116942.83,C97725839,153334.34,66074.51,0,0
21,PAYMENT,20216.67,C985998797,50996.0,30779.33,M1720731478,0.0,0.0,0,0
10,PAYMENT,1525.11,C307914892,0.0,0.0,M1583480606,0.0,0.0,0,0
380,PAYMENT,5816.3,C380101107,5278.0,0.0,M989897532,0.0,0.0,0,0
8,TRANSFER,1373723.96,C168299926,0.0,0.0,C1554565380,4691193.74,6064917.71,0,0
300,PAYMENT,32690.06,C1092982137,415.0,0.0,M1937389829,0.0,0.0,0,0
226,PAYMENT,15855.27,C883754077,26974.0,11118.73,M753756804,0.0,0.0,0,0
321,PAYMENT,52284.56,C1669206046,0.0,0.0,M532832544,0.0,0.0,0,0
251,CASH_OUT,398168.43,C1432708869,220359.72,0.0,C1981355984,1148376.46,1546544.89,0,0
394,CASH_OUT,201447.81,C1370706962,28465.0,0.0,C2097436909,0.0,201447.81,0,0
140,PAYMENT,7920.52,C773890759,43558.0,35637.48,M2011283784,0.0,0.0,0,0
10,PAYMENT,78.23,C1142296372,276323.66,276245.44,M817298798,0.0,0.0,0,0
8,CASH_OUT,274863.07,C810795179,0.0,0.0,C1424731356,1129180.14,0.0,0,0
34,PAYMENT,27389.93,C457666452,38640.37,11250.44,M242468230,0.0,0.0,0,0
203,CASH_IN,191664.23,C285171535,19138.0,210802.23,C1063606307,0.0,0.0,0,0
203,PAYMENT,5138.4,C83729894,0.0,0.0,M534433075,0.0,0.0,0,0
332,DEBIT,3372.12,C1870328268,29620.0,26247.88,C276022566,45711.76,49083.88,0,0
178,PAYMENT,4572.73,C957819774,0.0,0.0,M1720336056,0.0,0.0,0,0
135,CASH_OUT,211119.31,C592717547,100537.0,0.0,C934853509,209667.0,420786.31,0,0
371,CASH_IN,46872.27,C627189974,18511.0,65383.27,C120530536,0.0,0.0,0,0
378,PAYMENT,18371.13,C1872437296,18661.79,290.67,M2135168858,0.0,0.0,0,0
349,CASH_OUT,146191.85,C896087078,0.0,0.0,C1552999158,4603673.28,4749865.13,0,0
371,PAYMENT,35007.71,C1539574479,0.0,0.0,M83704613,0.0,0.0,0,0
210,PAYMENT,7887.18,C278763950,70409.0,62521.82,M441200211,0.0,0.0,0,0
13,PAYMENT,8434.58,C642273110,0.0,0.0,M1552301249,0.0,0.0,0,0
250,CASH_IN,406702.02,C2059242821,463314.66,870016.68,C1875583711,3172469.5,2765767.48,0,0
371,CASH_IN,214423.89,C1044355910,10311754.02,10526177.91,C59901056,1476921.44,1262497.55,0,0
351,CASH_IN,86010.85,C879712064,6067280.64,6153291.49,C1546411648,3120836.28,3034825.43,0,0
276,TRANSFER,1302374.57,C60259605,28372.0,0.0,C1629738129,5755.0,1308129.57,0,0
281,PAYMENT,18175.04,C392841400,0.0,0.0,M1791047024,0.0,0.0,0,0
202,CASH_IN,292989.61,C154378100,856538.87,1149528.48,C545990664,296803.26,3813.65,0,0
382,CASH_OUT,5872.88,C784613597,2007.0,0.0,C608175647,304868.14,310741.02,0,0
213,CASH_IN,18886.32,C1658890198,105397.0,124283.32,C1752310930,952030.31,933143.99,0,0
327,PAYMENT,26863.17,C406664920,0.0,0.0,M928785513,0.0,0.0,0,0
185,PAYMENT,16975.92,C959228057,21396.0,4420.08,M1272263978,0.0,0.0,0,0
275,TRANSFER,220035.93,C458075458,1909.0,0.0,C1601457862,0.0,220035.93,0,0
381,PAYMENT,6068.07,C601928063,214982.0,208913.93,M1031351666,0.0,0.0,0,0
237,PAYMENT,7029.05,C108039681,189405.88,182376.83,M1715179818,0.0,0.0,0,0
232,PAYMENT,7614.11,C1910475638,30196.0,22581.89,M1297696354,0.0,0.0,0,0
229,PAYMENT,14023.61,C2060474343,0.0,0.0,M1813357056,0.0,0.0,0,0
177,CASH_IN,18630.46,C1453424266,31326.0,49956.46,C202220325,734381.82,715751.37,0,0
13,CASH_OUT,449943.11,C1147409263,117500.0,0.0,C332975274,833217.58,1283160.69,0,0
157,TRANSFER,9601.33,C854360636,0.0,0.0,C1742020302,2032498.04,2042099.37,0,0
21,PAYMENT,3810.54,C1201871207,17640.0,13829.46,M1155934536,0.0,0.0,0,0
280,CASH_IN,350516.62,C1667997799,4613158.46,4963675.08,C1874170461,800550.37,450033.75,0,0
211,CASH_OUT,192393.7,C2033442741,0.0,0.0,C1554717982,3136180.05,3328573.75,0,0
394,CASH_IN,74261.85,C202123995,42199.0,116460.85,C1408403777,898663.86,824402.01,0,0
46,CASH_OUT,119620.88,C808583035,0.0,0.0,C1578335459,133087.02,252707.9,0,0
159,CASH_OUT,115491.8,C39227554,0.0,0.0,C1266618319,1047908.06,1163399.86,0,0
135,PAYMENT,32371.41,C1882428815,480366.0,447994.59,M1089064134,0.0,0.0,0,0
181,CASH_OUT,197413.25,C1552100559,4683.0,0.0,C1885720523,258705.11,456118.35,0,0
134,CASH_IN,234470.77,C398459762,2942753.67,3177224.44,C958135309,410243.14,175772.37,0,0
231,CASH_IN,53998.77,C1837896609,7213299.26,7267298.03,C1807595570,142342.49,88343.72,0,0
202,PAYMENT,7206.95,C614791379,39382.44,32175.49,M968646830,0.0,0.0,0,0
36,CASH_OUT,228103.8,C1678529366,0.0,0.0,C2087913014,246344.26,474448.06,0,0
686,CASH_IN,51078.13,C558702268,1384509.34,1435587.47,C1837815693,2831963.83,2780885.7,0,0
179,TRANSFER,823679.56,C293743581,7170.0,0.0,C1414238160,0.0,823679.56,0,0
401,PAYMENT,13531.58,C558444055,0.0,0.0,M1084510265,0.0,0.0,0,0
256,CASH_IN,95247.6,C818773827,31063.0,126310.6,C894029815,12813.36,0.0,0,0
204,CASH_OUT,77767.56,C564448794,0.0,0.0,C161452758,268773.16,468402.08,0,0
370,TRANSFER,41311.75,C1926205323,0.0,0.0,C1786726575,2004130.11,2045441.86,0,0
155,PAYMENT,23485.22,C579164608,0.0,0.0,M1009443247,0.0,0.0,0,0
351,CASH_IN,367847.88,C385638241,416500.0,784347.88,C1448209839,268126.5,0.0,0,0
396,CASH_IN,44211.48,C216569101,20983585.31,21027796.79,C1050209890,175568.13,131356.65,0,0
139,CASH_OUT,250014.23,C780009839,0.0,0.0,C1844464656,1843057.7,2093071.93,0,0
563,CASH_IN,206144.99,C1368498109,161568.0,367712.99,C1038794885,14263846.91,14057701.93,0,0
21,CASH_IN,194976.99,C1939616264,652147.11,847124.1,C897561978,220932.15,25955.15,0,0
327,TRANSFER,2127089.79,C2099737035,112114.0,0.0,C1702511699,1492427.89,3619517.68,0,0
471,PAYMENT,32322.51,C964830679,391605.0,359282.49,M1559048810,0.0,0.0,0,0
162,CASH_IN,252618.74,C1109607486,16253.0,268871.74,C486032428,96350.82,0.0,0,0
137,CASH_OUT,26918.68,C458507841,8510.0,0.0,C1745551276,0.0,114275.54,0,0
408,PAYMENT,2352.38,C137019624,31327.0,28974.62,M1009582522,0.0,0.0,0,0
138,CASH_OUT,124483.56,C1034543125,10599.0,0.0,C105191836,0.0,124483.56,0,0
256,DEBIT,221.87,C612203719,84035.98,83814.1,C407027765,44263.88,44485.76,0,0
139,PAYMENT,5577.02,C347409275,69858.0,64280.98,M309846016,0.0,0.0,0,0
405,CASH_OUT,172471.83,C1081093934,0.0,0.0,C1554865197,6717657.67,6890129.5,0,0
370,PAYMENT,6332.04,C1641485734,39974.0,33641.96,M826211005,0.0,0.0,0,0
20,CASH_OUT,7319.06,C349726295,0.0,0.0,C272906785,22845.0,0.0,0,0
1,PAYMENT,4189.31,C978035840,124618.5,120429.2,M666312528,0.0,0.0,0,0
331,CASH_OUT,279815.28,C750884671,32366.0,0.0,C1343600598,0.0,279815.28,0,0
182,CASH_OUT,466565.25,C1877273944,22589.0,0.0,C367480953,0.0,466565.25,0,0
186,CASH_OUT,259697.4,C1509605882,0.0,0.0,C1372792336,1917958.26,2177655.66,0,0
235,CASH_IN,277639.31,C334884897,39843.0,317482.31,C1510815107,0.0,0.0,0,0
310,PAYMENT,24924.34,C1314542502,11214.0,0.0,M826814298,0.0,0.0,0,0
279,CASH_OUT,138894.02,C651246927,0.0,0.0,C60796535,1860567.99,1999462.01,0,0
346,PAYMENT,21251.17,C632994665,68526.87,47275.69,M1757715893,0.0,0.0,0,0
187,PAYMENT,1102.46,C1005296496,82803.0,81700.54,M1399567910,0.0,0.0,0,0
22,PAYMENT,3670.74,C1669216447,10021.0,6350.26,M445415503,0.0,0.0,0,0
301,PAYMENT,12961.03,C1243399317,41960.0,28998.97,M2066285130,0.0,0.0,0,0
203,CASH_OUT,173938.77,C1514303658,0.0,0.0,C1715795933,777930.77,951869.55,0,0
381,PAYMENT,11620.72,C264003898,0.0,0.0,M675935392,0.0,0.0,0,0
255,PAYMENT,43.1,C523646934,9906.0,9862.9,M1132129821,0.0,0.0,0,0
8,CASH_OUT,341554.31,C1887192166,0.0,0.0,C1163480574,1511509.09,1798734.57,0,0
178,CASH_OUT,150257.98,C588416504,11770.0,0.0,C251198050,132578.08,282836.06,0,0
158,CASH_OUT,120848.77,C1562067855,20332.0,0.0,C700110554,1482311.78,1603160.55,0,0
345,TRANSFER,394498.32,C1903548887,177977.99,0.0,C328285138,1700675.18,2095173.5,0,0
44,CASH_IN,54193.48,C732831913,6561809.29,6616002.76,C955495895,89648.94,35455.46,0,0
301,CASH_IN,278105.46,C1288615779,20995.0,299100.46,C1636966593,0.0,0.0,0,0
299,CASH_OUT,14962.89,C1821992014,258844.99,243882.1,C243962745,4615463.04,4630425.93,0,0
360,PAYMENT,2868.57,C1095343535,6153.0,3284.43,M2145627891,0.0,0.0,0,0
9,CASH_OUT,92267.15,C2057364305,461372.91,369105.76,C1263845074,2651831.45,4563081.41,0,0
376,CASH_OUT,46890.69,C1709803141,12000.0,0.0,C490502479,978610.03,1025500.71,0,0
203,CASH_OUT,417994.09,C507775792,0.0,0.0,C1092216719,1758340.44,2176334.53,0,0
276,CASH_OUT,203887.86,C395469963,0.0,0.0,C888149804,2808296.58,3012184.44,0,0
656,PAYMENT,4823.38,C535214432,1198.0,0.0,M482191659,0.0,0.0,0,0
353,PAYMENT,7306.39,C1324311499,0.0,0.0,M2109208464,0.0,0.0,0,0
328,PAYMENT,17786.61,C1765893501,166332.0,148545.39,M1264123258,0.0,0.0,0,0
371,CASH_OUT,80843.66,C2086757543,0.0,0.0,C2051838713,267469.58,348313.23,0,0
42,CASH_OUT,324611.82,C2090666983,0.0,0.0,C960042363,1885200.79,2209812.62,0,0
131,CASH_IN,140740.33,C1245038685,71633.0,212373.33,C2036145847,246411.54,40265.37,0,0
302,CASH_IN,68296.54,C840431745,15352.26,83648.79,C1318760879,508274.76,439978.23,0,0
228,PAYMENT,11624.01,C1320862972,132.34,0.0,M602768530,0.0,0.0,0,0
21,CASH_IN,195968.8,C1970568724,2935857.78,3131826.58,C317930384,1005114.58,809145.78,0,0
139,CASH_OUT,74573.02,C140592559,0.0,0.0,C1200294148,4258929.62,4333502.64,0,0
155,CASH_OUT,287937.57,C18084530,0.0,0.0,C962675437,666751.32,954688.88,0,0
187,CASH_OUT,74084.09,C1292484867,119549.21,45465.12,C409003233,1551841.21,1625925.29,0,0
38,CASH_IN,196631.72,C858916941,13520814.4,13717446.12,C236686256,778305.29,581673.57,0,0
395,CASH_OUT,183131.11,C1314893321,0.0,0.0,C638759306,1177442.19,1360573.3,0,0
346,PAYMENT,17371.16,C199462152,0.0,0.0,M413616641,0.0,0.0,0,0
404,CASH_OUT,86070.22,C1913454732,31235.0,0.0,C447333524,0.0,86070.22,0,0
186,CASH_IN,185129.27,C1444068801,8253258.93,8438388.19,C1828852445,408387.98,223258.71,0,0
119,TRANSFER,293578.28,C1488806132,4383.0,0.0,C1724402684,3559466.13,3853044.41,0,0
120,TRANSFER,789313.44,C452428210,11431.0,0.0,C801207885,0.0,789313.44,0,0
684,CASH_OUT,132193.08,C1407544116,107599.0,0.0,C87134580,4342606.31,4474799.39,0,0
274,CASH_IN,253888.16,C1461269339,4566727.08,4820615.24,C2145418274,388122.45,134234.29,0,0
377,CASH_IN,70339.71,C1074120451,2679.0,73018.71,C1461690304,170598.3,100258.6,0,0
684,PAYMENT,31868.62,C2019263230,391727.21,359858.6,M1939409738,0.0,0.0,0,0
94,CASH_OUT,119998.32,C378976406,0.0,0.0,C1178234851,455392.29,575390.6,0,0
206,CASH_IN,42608.74,C1956541823,4623713.77,4666322.51,C1721459506,4710598.98,4667990.24,0,0
397,CASH_OUT,367155.76,C388357689,0.0,0.0,C591155970,635851.21,1003006.97,0,0
305,PAYMENT,6370.89,C1522458302,0.0,0.0,M1851160182,0.0,0.0,0,0
21,TRANSFER,171119.36,C1848731196,562507.0,391387.64,C665603498,92258.82,263378.18,0,0
191,CASH_OUT,10638.45,C984172917,0.0,0.0,C1970969957,227641.58,238280.04,0,0
19,PAYMENT,3048.41,C2059139111,285078.0,282029.59,M1305736553,0.0,0.0,0,0
161,CASH_OUT,134199.38,C217746975,126019.0,0.0,C578219606,491292.01,625491.39,0,0
202,PAYMENT,277.6,C1003211025,31330.0,31052.4,M1741355595,0.0,0.0,0,0
379,PAYMENT,30680.87,C567597183,3625.0,0.0,M187602231,0.0,0.0,0,0
333,CASH_OUT,411455.27,C631013381,0.0,0.0,C2967677,499186.95,910642.22,0,0
306,CASH_IN,216769.86,C1345922936,775749.34,992519.2,C95566755,1224203.58,1007433.72,0,0
132,PAYMENT,38622.17,C1060990518,0.0,0.0,M529201843,0.0,0.0,0,0
45,CASH_OUT,19320.59,C1853271632,0.0,0.0,C1396319605,27747.1,47067.69,0,0
46,PAYMENT,4758.41,C1907642923,61927.0,57168.59,M1259581007,0.0,0.0,0,0
141,PAYMENT,13024.97,C2086059441,0.0,0.0,M2053750368,0.0,0.0,0,0
275,CASH_IN,65751.51,C1839111225,1245494.37,1311245.88,C168537290,5253679.78,5187928.27,0,0
183,CASH_OUT,22206.02,C1038592270,0.0,0.0,C1629720592,372187.5,394393.52,0,0
396,TRANSFER,425235.84,C1045085010,0.0,0.0,C1747916253,1195991.91,1621227.75,0,0
136,CASH_OUT,41800.81,C547409195,0.0,0.0,C948832044,1284223.84,1326024.65,0,0
332,PAYMENT,13755.79,C1639897194,0.0,0.0,M1618793645,0.0,0.0,0,0
401,CASH_OUT,420136.96,C99387395,5529.0,0.0,C2064003803,0.0,420136.96,0,0
380,CASH_OUT,214329.32,C1901455242,107644.0,0.0,C598476384,41062.93,255392.25,0,0
355,PAYMENT,5322.56,C396820290,53772.13,48449.56,M189174727,0.0,0.0,0,0
403,CASH_OUT,43996.02,C560588574,21163.0,0.0,C1456485148,357009.8,401005.82,0,0
231,CASH_IN,82460.42,C1906223365,69369.0,151829.42,C1252648350,0.0,0.0,0,0
398,CASH_OUT,182518.35,C2107765816,59039.0,0.0,C403023318,391821.8,574340.15,0,0
404,TRANSFER,61830.83,C1226115543,9740.94,0.0,C1760886989,4369543.82,4431374.65,0,0
41,PAYMENT,12636.85,C496549093,79446.0,66809.15,M1279448422,0.0,0.0,0,0
134,CASH_OUT,419642.27,C1344330814,6664.0,0.0,C281891530,0.0,726709.18,0,0
230,CASH_OUT,340967.93,C2109630289,0.0,0.0,C2002068763,1307198.44,1648166.38,0,0
186,CASH_OUT,79563.57,C487932671,0.0,0.0,C200227681,125699.94,205263.51,0,0
375,PAYMENT,30229.55,C756624311,557.0,0.0,M958615584,0.0,0.0,0,0
8,CASH_OUT,306576.83,C1119085931,0.0,0.0,C719119378,5262348.91,5568925.74,0,0
236,TRANSFER,629691.55,C1430728693,0.0,0.0,C228825613,2848146.93,3477838.48,0,0
322,PAYMENT,6178.0,C1658184682,55979.0,49801.0,M1523988830,0.0,0.0,0,0
522,PAYMENT,1675.51,C436600151,49422.0,47746.49,M466167889,0.0,0.0,0,0
121,PAYMENT,7098.67,C1365341048,106985.0,99886.33,M560305910,0.0,0.0,0,0
20,CASH_OUT,474541.47,C927150222,0.0,0.0,C1560450567,666432.66,1026157.47,0,0
129,PAYMENT,20724.91,C1152225986,249.0,0.0,M1944060431,0.0,0.0,0,0
47,PAYMENT,31977.82,C858080310,0.0,0.0,M1148569236,0.0,0.0,0,0
308,CASH_OUT,284446.43,C1804484870,0.0,0.0,C2058049748,973209.71,1257656.14,0,0
298,PAYMENT,47776.32,C334932686,0.0,0.0,M1841159272,0.0,0.0,0,0
360,PAYMENT,14432.22,C2103989054,11041.04,0.0,M781236350,0.0,0.0,0,0
183,CASH_OUT,105728.08,C709561219,21050.0,0.0,C1521529243,266462.1,372190.19,0,0
354,CASH_IN,33348.39,C794686743,8136970.75,8170319.15,C863327515,1863822.8,1830474.4,0,0
256,CASH_OUT,147413.0,C338859264,0.0,0.0,C387508991,1245236.81,1392649.82,0,0
130,TRANSFER,1613280.01,C153833710,3482.0,0.0,C1704323890,0.0,2016696.44,0,0
257,CASH_IN,3640.53,C1456885052,18443644.8,18447285.33,C1681878279,212635.23,208994.69,0,0
206,PAYMENT,5265.89,C1846874820,59659.0,54393.11,M205390665,0.0,0.0,0,0
9,CASH_OUT,61970.97,C1841646172,0.0,0.0,C1573847723,112706.0,0.0,0,0
211,PAYMENT,2086.56,C785850729,15925.04,13838.48,M328563147,0.0,0.0,0,0
188,PAYMENT,6770.8,C1441025281,44341.0,37570.2,M32228944,0.0,0.0,0,0
182,PAYMENT,976.43,C956971439,0.0,0.0,M586554452,0.0,0.0,0,0
184,CASH_OUT,200036.26,C1399725206,0.0,0.0,C1637274915,584562.14,784598.4,0,0
206,CASH_IN,52541.94,C1715419783,1580.0,54121.94,C485598602,153757.81,101215.87,0,0
258,PAYMENT,667.13,C268444906,200785.37,200118.24,M856199666,0.0,0.0,0,0
264,CASH_IN,53573.6,C350045818,4011936.6,4065510.2,C1843448114,413879.87,360306.27,0,0
135,PAYMENT,8374.47,C379284011,0.0,0.0,M1687508638,0.0,0.0,0,0
12,PAYMENT,1762.16,C366743640,0.0,0.0,M222369068,0.0,0.0,0,0
163,CASH_OUT,46488.79,C1002270002,0.0,0.0,C18996450,852747.59,899236.38,0,0
208,TRANSFER,1557359.95,C1407362898,0.0,0.0,C1748603513,3518417.31,5075777.26,0,0
43,PAYMENT,3893.04,C1775532284,0.0,0.0,M563631270,0.0,0.0,0,0
361,CASH_OUT,96433.44,C650735775,20973.0,0.0,C1827805764,0.0,96433.44,0,0
587,CASH_OUT,84972.61,C1558902064,8285.0,0.0,C1643666059,0.0,84972.61,0,0
379,CASH_OUT,38861.43,C458489810,0.0,0.0,C2117025870,127211.0,166072.43,0,0
305,CASH_OUT,206162.3,C188366207,0.0,0.0,C1639940638,279135.29,485297.58,0,0
305,CASH_OUT,244282.99,C504491854,0.0,0.0,C1509287078,516439.65,760722.63,0,0
202,CASH_OUT,110015.43,C585420440,1633.0,0.0,C672281868,0.0,211197.15,0,0
687,CASH_OUT,353933.07,C154974434,849.0,0.0,C1777706309,392496.47,746429.54,0,0
159,TRANSFER,483784.18,C1084516051,0.0,0.0,C2076405907,794633.96,1278418.14,0,0
229,PAYMENT,31347.52,C1868180968,127380.0,96032.48,M1438191043,0.0,0.0,0,0
380,CASH_OUT,119692.05,C1852373476,149.0,0.0,C828985995,94859.62,214551.66,0,0
11,CASH_IN,188080.79,C2055120401,82116.0,270196.79,C513339905,85161.98,0.0,0,0
18,PAYMENT,12161.98,C432817092,40223.0,28061.02,M301149088,0.0,0.0,0,0
259,CASH_OUT,243386.27,C1211863976,147.0,0.0,C1664823354,41832.34,285218.61,0,0
216,PAYMENT,68.02,C1572576222,0.0,0.0,M2142280191,0.0,0.0,0,0
136,CASH_OUT,566732.52,C1755683034,336622.0,0.0,C1107490681,958974.18,1525706.7,0,0
18,CASH_IN,118501.06,C1065025242,1516799.97,1635301.03,C769528997,141196.53,22695.47,0,0
239,PAYMENT,4406.35,C1458646977,19952.0,15545.65,M1635083820,0.0,0.0,0,0
38,CASH_IN,223309.23,C641237352,31236.0,254545.23,C1350369613,618192.62,394883.39,0,0
154,CASH_IN,83763.19,C1527684537,19193.0,102956.19,C1067814107,3732.61,0.0,0,0
131,TRANSFER,1024722.53,C738720417,25115.57,0.0,C1036941503,1948405.44,2973127.96,0,0
191,TRANSFER,170717.58,C1172260017,11654.0,0.0,C10265850,653008.86,823726.44,0,0
207,PAYMENT,21178.37,C1440354231,13585.0,0.0,M1579614317,0.0,0.0,0,0
326,CASH_OUT,396150.18,C288547124,275.0,0.0,C1179955657,2667831.47,3063981.65,0,0
299,CASH_OUT,164416.45,C1136501547,74723.12,0.0,C1335009677,419833.66,584250.1,0,0
279,CASH_OUT,38477.33,C1086172194,0.0,0.0,C2067287568,81862.06,120339.39,0,0
190,PAYMENT,11333.56,C278838396,0.0,0.0,M1159548685,0.0,0.0,0,0
354,PAYMENT,33037.75,C225893240,0.0,0.0,M1911455980,0.0,0.0,0,0
253,PAYMENT,9014.32,C1294258064,54308.0,45293.68,M157235785,0.0,0.0,0,0
187,CASH_OUT,267354.21,C1597731055,8088.0,0.0,C701391093,0.0,267354.21,0,0
352,PAYMENT,10191.18,C1707711725,0.0,0.0,M394013010,0.0,0.0,0,0
229,CASH_IN,245625.04,C1032252113,8298672.96,8544298.0,C1862265469,1978164.53,1732539.49,0,0
352,CASH_IN,223877.55,C770759311,7399039.32,7622916.87,C155747336,241502.17,17624.62,0,0
181,PAYMENT,36514.57,C56983205,178.0,0.0,M810927595,0.0,0.0,0,0
374,CASH_OUT,126813.12,C958943273,0.0,0.0,C210224250,567777.3,694590.42,0,0
204,CASH_OUT,279842.85,C1564964192,0.0,0.0,C1920522237,1049495.36,1329338.21,0,0
306,PAYMENT,5925.26,C298596995,211426.0,205500.74,M1190451085,0.0,0.0,0,0
405,CASH_IN,107475.73,C379200795,1698829.23,1806304.96,C1999323505,51607560.24,51500084.51,0,0
164,CASH_OUT,227340.36,C1064006470,0.0,0.0,C1973054830,1801028.28,2028368.64,0,0
230,PAYMENT,1802.63,C57257260,597.0,0.0,M212425320,0.0,0.0,0,0
313,PAYMENT,39744.15,C1836072651,0.0,0.0,M1857513878,0.0,0.0,0,0
164,CASH_IN,625810.96,C1322772763,812375.9,1438186.86,C244684090,9534557.23,8908746.27,0,0
33,CASH_IN,150070.31,C1260966588,9741065.64,9891135.95,C724595147,3080138.48,2930068.17,0,0
377,TRANSFER,769253.41,C2063447232,30240.0,0.0,C1949013650,0.0,769253.41,0,0
40,CASH_OUT,68069.92,C1334090153,48923.04,0.0,C166838725,2720044.08,2788114.01,0,0
209,CASH_OUT,130378.78,C714917940,20879.0,0.0,C550754064,656858.87,787237.66,0,0
325,PAYMENT,5646.89,C1713210844,101706.0,96059.11,M1195165525,0.0,0.0,0,0
402,CASH_IN,39141.13,C978565699,19909.0,59050.13,C1326165595,352267.31,313126.18,0,0
134,PAYMENT,10148.29,C1541188548,0.0,0.0,M1197274331,0.0,0.0,0,0
395,CASH_OUT,81067.66,C790725196,50218.0,0.0,C737969496,3860282.53,3941350.18,0,0
275,PAYMENT,5453.98,C1040877864,20815.0,15361.02,M1817924296,0.0,0.0,0,0
300,CASH_OUT,119641.69,C844542075,0.0,0.0,C374769756,650349.53,769991.23,0,0
203,CASH_IN,197516.72,C59460146,26321.0,223837.72,C1238956402,421750.88,224234.16,0,0
250,CASH_IN,81777.48,C562694063,26557785.63,26639563.11,C1246929314,1119958.25,1038180.77,0,0
188,CASH_OUT,267903.94,C1834485422,0.0,0.0,C289358776,2493304.37,2761208.3,0,0
227,CASH_IN,52631.18,C1605391959,1595891.79,1648522.96,C2020659135,539452.71,486821.53,0,0
656,PAYMENT,2829.7,C221243371,0.0,0.0,M2032368838,0.0,0.0,0,0
398,PAYMENT,402.81,C604038141,30968.0,30565.19,M1525769965,0.0,0.0,0,0
17,CASH_IN,121875.89,C368337429,7299179.92,7421055.81,C1321468037,664146.5,542270.6,0,0
283,CASH_OUT,71493.87,C152292451,54610.0,0.0,C1971426387,0.0,71493.87,0,0
239,PAYMENT,3195.25,C1488994439,20420.0,17224.75,M1650963180,0.0,0.0,0,0
275,PAYMENT,5885.73,C1851948615,326674.0,320788.27,M568900009,0.0,0.0,0,0
24,PAYMENT,14343.71,C1581692143,0.0,0.0,M87538348,0.0,0.0,0,0
159,CASH_OUT,400309.54,C1450772703,10147.0,0.0,C1991825762,1599766.94,2000076.48,0,0
36,PAYMENT,31150.83,C71211462,17871.0,0.0,M966707259,0.0,0.0,0,0
51,CASH_OUT,1170282.92,C555990868,1170282.92,0.0,C1318550066,173264.14,1343547.06,1,0
550,PAYMENT,2060.83,C541962587,81097.0,79036.17,M378847876,0.0,0.0,0,0
298,PAYMENT,4439.09,C16824728,0.0,0.0,M2105926898,0.0,0.0,0,0
186,CASH_OUT,21548.02,C1679430531,0.0,0.0,C1895508311,80622.35,102170.37,0,0
310,PAYMENT,15309.01,C372798597,236122.0,220812.99,M1730886723,0.0,0.0,0,0
136,PAYMENT,14472.83,C518649502,0.0,0.0,M1277938699,0.0,0.0,0,0
202,PAYMENT,4347.47,C2025301443,67.0,0.0,M305158987,0.0,0.0,0,0
37,PAYMENT,44416.86,C2027592293,38970.0,0.0,M1818636247,0.0,0.0,0,0
40,PAYMENT,5832.53,C326080081,3975.0,0.0,M2002498413,0.0,0.0,0,0
308,CASH_OUT,187451.66,C305235319,0.0,0.0,C568904482,813240.41,1000692.07,0,0
355,PAYMENT,7908.65,C1941110211,73752.0,65843.35,M1987120586,0.0,0.0,0,0
180,CASH_OUT,148146.2,C186072862,11311.0,0.0,C1928461022,833500.14,573649.9,0,0
205,CASH_IN,394789.49,C1011274604,12649540.23,13044329.72,C646513637,427367.76,32578.28,0,0
299,CASH_IN,288181.21,C841429650,16.0,288197.21,C152956833,204811.25,0.0,0,0
253,CASH_IN,23670.58,C2084843873,10266560.29,10290230.87,C1971071921,80741.57,57070.98,0,0
298,PAYMENT,16640.6,C675118553,414957.72,398317.12,M1018003181,0.0,0.0,0,0
379,CASH_OUT,140829.29,C218061889,19622.0,0.0,C1501236527,123640.29,264469.59,0,0
162,CASH_OUT,76664.1,C1525354018,0.0,0.0,C1531350213,1302131.67,1378795.78,0,0
329,PAYMENT,20819.51,C674595914,7706.0,0.0,M452881409,0.0,0.0,0,0
525,CASH_OUT,139034.14,C732385919,42482.0,0.0,C1003280340,0.0,139034.14,0,0
184,PAYMENT,4076.31,C1149610487,38734.0,34657.69,M1451592360,0.0,0.0,0,0
371,TRANSFER,2303205.88,C168225911,21103.0,0.0,C976936495,267080.9,2570286.79,0,0
359,PAYMENT,2887.01,C965216175,100338.0,97450.99,M1660251994,0.0,0.0,0,0
188,CASH_IN,14283.89,C2005307714,8921931.43,8936215.32,C1298799712,428414.75,414130.86,0,0
426,TRANSFER,950261.33,C4670180,0.0,0.0,C577718811,2094579.9,3044841.23,0,0
311,CASH_OUT,73121.53,C728404974,442364.0,369242.47,C990967636,0.0,73121.53,0,0
308,PAYMENT,6627.0,C344245881,261.0,0.0,M22596562,0.0,0.0,0,0
137,CASH_OUT,104762.37,C1995296798,4306.0,0.0,C1473694873,149015.38,253777.74,0,0
345,TRANSFER,1218347.94,C732900584,0.0,0.0,C1668936313,1657079.74,2875427.68,0,0
35,PAYMENT,19037.78,C1089215729,289234.55,270196.77,M713304613,0.0,0.0,0,0
43,CASH_OUT,82580.78,C341182944,11024.0,0.0,C1847272950,437867.55,520448.33,0,0
202,TRANSFER,151018.47,C1240494139,0.0,0.0,C1856256614,2164544.89,2315563.36,0,0
303,PAYMENT,4323.27,C1786681072,267005.55,262682.28,M294962410,0.0,0.0,0,0
13,CASH_OUT,43624.96,C1918369566,29956.0,0.0,C61049773,0.0,43624.96,0,0
138,CASH_OUT,160187.17,C871690794,101976.0,0.0,C1582485680,0.0,160187.17,0,0
398,PAYMENT,7729.08,C1761309138,0.0,0.0,M1447720230,0.0,0.0,0,0
692,CASH_OUT,424542.19,C1972471935,29318.92,0.0,C790810719,459360.23,883902.42,0,0
46,CASH_IN,223170.34,C2008241545,310210.87,533381.21,C589380941,492830.82,269660.48,0,0
42,PAYMENT,27838.06,C1460561660,0.0,0.0,M1710979359,0.0,0.0,0,0
45,PAYMENT,8683.11,C393438583,49665.0,40981.89,M1200681466,0.0,0.0,0,0
160,CASH_OUT,454320.18,C2144516659,27640.0,0.0,C1650510410,0.0,454320.18,0,0
47,PAYMENT,9441.81,C1496341571,612456.0,603014.19,M447852790,0.0,0.0,0,0
235,PAYMENT,28583.67,C2116937137,39845.0,11261.33,M779990944,0.0,0.0,0,0
187,CASH_IN,62683.33,C632843610,7595.0,70278.33,C1708124424,99449.62,36766.29,0,0
357,TRANSFER,94341.32,C1212410895,3025.0,0.0,C696837041,178617.17,272958.49,0,0
570,CASH_OUT,284019.22,C570637504,24118.0,0.0,C2064715630,461462.01,745481.23,0,0
328,CASH_IN,198673.78,C808684378,934802.82,1133476.6,C1112861184,5666452.96,5467779.17,0,0
204,CASH_OUT,70252.14,C971524107,0.0,0.0,C10007424,1845216.03,1915468.18,0,0
